Id	CID	CASIdentifier	Name	IUPAC	InChIKey	InChI	SMILES
CAS:1309-37-1	518696	CAS:1309-37-1	Iron(III) oxide	oxo(oxoferriooxy)iron	JEIPFZHSYJVQDO-UHFFFAOYSA-N	InChI=1S/2Fe.3O	O=[Fe]O[Fe]=O
CAS:1309-38-2	14789	CAS:1309-38-2	Magnetite	hydroxy(oxo)iron;iron	UCNNJGDEJXIUCC-UHFFFAOYSA-L	InChI=1S/3Fe.2H2O.2O/h;;;2*1H2;;/q;2*+1;;;;/p-2	O[Fe]=O.O[Fe]=O.[Fe]
CAS:1308-38-9	517277	CAS:1308-38-9	Chromium(III) oxide	oxo(oxochromiooxy)chromium	QDOXWKRWXJOMAK-UHFFFAOYSA-N	InChI=1S/2Cr.3O	O=[Cr]O[Cr]=O
CAS:10045-97-3	5486527	CAS:10045-97-3	Cesium-137	cesium-137	TVFDJXOCXUVLDH-RNFDNDRNSA-N	InChI=1S/Cs/i1+4	[Cs]
CAS:7440-50-8	23978	CAS:7440-50-8	Copper	copper	RYGMFSIKBFXOCR-UHFFFAOYSA-N	InChI=1S/Cu	[Cu]
CAS:13982-63-3	9877911	CAS:13982-63-3	Radium-226	radium-226	HCWPIIXVSYCSAN-IGMARMGPSA-N	InChI=1S/Ra/i1+0	[Ra]
CAS:7440-61-1	23989	CAS:7440-61-1	Uranium	uranium	JFALSRSLKYAFGM-UHFFFAOYSA-N	InChI=1S/U	[U]
CAS:7439-89-6	23925	CAS:7439-89-6	Fe	iron	XEEYBQQBJWHFJM-UHFFFAOYSA-N	InChI=1S/Fe	[Fe]
CAS:10098-97-2	5486204	CAS:10098-97-2	Strontium-90	strontium-90	CIOAGBVUUVVLOB-NJFSPNSNSA-N	InChI=1S/Sr/i1+2	[Sr]
CAS:7429-90-5	5359268	CAS:7429-90-5	Aluminum	aluminum	XAGFODPZIPBFFR-UHFFFAOYSA-N	InChI=1S/Al	[Al]
CAS:7440-02-0	935	CAS:7440-02-0	Nickel	nickel	PXHVJJICTQNCMI-UHFFFAOYSA-N	InChI=1S/Ni	[Ni]
CAS:7440-22-4	23954	CAS:7440-22-4	Silver	silver	BQCADISMDOOEFD-UHFFFAOYSA-N	InChI=1S/Ag	[Ag]
CAS:10043-92-2	24857	CAS:10043-92-2	Radon	radon	SYUHGPGVQRZVTB-UHFFFAOYSA-N	InChI=1S/Rn	[Rn]
CAS:12001-28-4	86278622	CAS:12001-28-4	Crocidolite	trimagnesium;disodium;dihydroxy(oxo)silane;iron(3+)	ULEFFCDROVNTRO-UHFFFAOYSA-N	InChI=1S/2Fe.3Mg.2Na.8H2O3Si/c;;;;;;;8*1-4(2)3/h;;;;;;;8*1-2H/q2*+3;3*+2;2*+1;;;;;;;;	O[Si](=O)O.O[Si](=O)O.O[Si](=O)O.O[Si](=O)O.O[Si](=O)O.O[Si](=O)O.O[Si](=O)O.O[Si](=O)O.[Na+].[Na+].[Mg+2].[Mg+2].[Mg+2].[Fe+3].[Fe+3]
CAS:7439-98-7	23932	CAS:7439-98-7	Molybdenum	molybdenum	ZOKXTWBITQBERF-UHFFFAOYSA-N	InChI=1S/Mo	[Mo]
CAS:124-38-9	280	CAS:124-38-9	Carbon dioxide	Carbon dioxide	CURLTUGMZLYLDI-UHFFFAOYSA-N	InChI=1S/CO2/c2-1-3	C(=O)=O
CAS:7778-18-9	24497	CAS:7778-18-9	Calcium sulfate	calcium;sulfate	OSGAYBCDTDRGGQ-UHFFFAOYSA-L	InChI=1S/Ca.H2O4S/c;1-5(2,3)4/h;(H2,1,2,3,4)/q+2;/p-2	[O-]S(=O)(=O)[O-].[Ca+2]
CAS:7440-36-0	5354495	CAS:7440-36-0	Antimony	antimony	WATWJIUSRGPENY-UHFFFAOYSA-N	InChI=1S/Sb	[Sb]
CAS:7440-38-2	5359596	CAS:7440-38-2	Arsenic	arsenic	RQNWIZPPADIBDY-UHFFFAOYSA-N	InChI=1S/As	[As]
CAS:7778-39-4	234	CAS:7778-39-4	Arsenic acid	arsoric acid	DJHGAFSJWGLOIV-UHFFFAOYSA-N	InChI=1S/AsH3O4/c2-1(3,4)5/h(H3,2,3,4,5)	O[As](=O)(O)O
CAS:15502-74-6	544	CAS:15502-74-6	Arsorite	arsorite	OWTFKEBRIAXSMO-UHFFFAOYSA-N	InChI=1S/AsO3/c2-1(3)4/q-3	[O-][As]([O-])[O-]
CAS:7440-57-5	23985	CAS:7440-57-5	Gold	gold	PCHJSUWPFVWCPO-UHFFFAOYSA-N	InChI=1S/Au	[Au]
CAS:10102-44-0	3032552	CAS:10102-44-0	Nitrogen dioxide	Nitrogen dioxide	JCXJVPUVTGWSNB-UHFFFAOYSA-N	InChI=1S/NO2/c2-1-3	N(=O)[O]
CAS:7440-41-7	5460467	CAS:7440-41-7	Beryllium	beryllium	ATBAMAFKBVZNFJ-UHFFFAOYSA-N	InChI=1S/Be	[Be]
CAS:7440-69-9	5359367	CAS:7440-69-9	Bismuth	bismuth	JCXGWMGPZLAOME-UHFFFAOYSA-N	InChI=1S/Bi	[Bi]
CAS:7439-92-1	5352425	CAS:7439-92-1	Lead	lead	WABPQHHGFIMREM-UHFFFAOYSA-N	InChI=1S/Pb	[Pb]
CAS:7440-66-6	23994	CAS:7440-66-6	Zinc	zinc	HCHKCACWOHOZIP-UHFFFAOYSA-N	InChI=1S/Zn	[Zn]
CAS:7440-43-9	23973	CAS:7440-43-9	Cadmium	cadmium	BDOSMKKIYDKNTQ-UHFFFAOYSA-N	InChI=1S/Cd	[Cd]
CAS:7440-70-2	5460341	CAS:7440-70-2	Calcium	calcium	OYPRJOBELJOOCE-UHFFFAOYSA-N	InChI=1S/Ca	[Ca]
CAS:7440-47-3	23976	CAS:7440-47-3	Chromium	chromium	VYZAMTAEIAYCRO-UHFFFAOYSA-N	InChI=1S/Cr	[Cr]
CAS:7646-79-9	24288	CAS:7646-79-9	Cobalt chloride (CoCl2)	dichlorocobalt	GVPFVAHMJGGAJG-UHFFFAOYSA-L	InChI=1S/2ClH.Co/h2*1H;/q;;+2/p-2	Cl[Co]Cl
CAS:7439-96-5	23930	CAS:7439-96-5	Mn	manganese	PWHULOQIROXLJO-UHFFFAOYSA-N	InChI=1S/Mn	[Mn]
CAS:1317-33-5	14823	CAS:1317-33-5	Molybdenum disulfide	bis(sulfanylidene)molybdenum	CWQXQMHSOZUFJS-UHFFFAOYSA-N	InChI=1S/Mo.2S	S=[Mo]=S
CAS:7782-49-2	6326970	CAS:7782-49-2	Selenium	selenium	BUGBHKTXTAQXES-UHFFFAOYSA-N	InChI=1S/Se	[Se]
CAS:7439-97-6	23931	CAS:7439-97-6	Mercury	mercury	QSHDDOUJBYECFT-UHFFFAOYSA-N	InChI=1S/Hg	[Hg]
CAS:7440-31-5	5352426	CAS:7440-31-5	Tin powder	tin	ATJFFYVFTNAWJD-UHFFFAOYSA-N	InChI=1S/Sn	[Sn]
CAS:1313-27-5	14802	CAS:1313-27-5	Molybdenum trioxide	trioxomolybdenum	JKQOBWVOAYFWKG-UHFFFAOYSA-N	InChI=1S/Mo.3O	O=[Mo](=O)=O
CAS:10028-15-6	24823	CAS:10028-15-6	Ozone	ozone	CBENFWSGALASAD-UHFFFAOYSA-N	InChI=1S/O3/c1-3-2	[O-][O+]=O
CAS:7440-07-5	23940	CAS:7440-07-5	Plutonium	plutonium	OYEHPCDNVJXUIW-UHFFFAOYSA-N	InChI=1S/Pu	[Pu]
CAS:1314-20-1	14808	CAS:1314-20-1	Thorium dioxide	dioxothorium	ZCUFMDLYAMJYST-UHFFFAOYSA-N	InChI=1S/2O.Th	O=[Th]=O
CAS:7440-62-2	23990	CAS:7440-62-2	Vanadium	vanadium	LEONUFNNVUYDNQ-UHFFFAOYSA-N	InChI=1S/V	[V]
CAS:789-02-6	13089	CAS:789-02-6	o,p'-DDT	1-chloro-2-[2,2,2-trichloro-1-(4-chlorophenyl)ethyl]benzene	CVUGPAFCQJIYDT-UHFFFAOYSA-N	InChI=1S/C14H9Cl5/c15-10-7-5-9(6-8-10)13(14(17,18)19)11-3-1-2-4-12(11)16/h1-8,13H	C1=CC=C(C(=C1)C(C2=CC=C(C=C2)Cl)C(Cl)(Cl)Cl)Cl
CAS:57-27-2	5288826	CAS:57-27-2	Morphine	(4R,4aR,7S,7aR,12bS)-3-methyl-2,4,4a,7,7a,13-hexahydro-1H-4,12-methanobenzofuro[3,2-e]isoquinoline-7,9-diol	BQJCRHHNABKAKU-KBQPJGBKSA-N	InChI=1S/C17H19NO3/c1-18-7-6-17-10-3-5-13(20)16(17)21-15-12(19)4-2-9(14(15)17)8-11(10)18/h2-5,10-11,13,16,19-20H,6-8H2,1H3/t10-,11+,13-,16-,17-/m0/s1	CN1CCC23C4C1CC5=C2C(=C(C=C5)O)OC3C(C=C4)O
CAS:303-47-9	442530	CAS:303-47-9	Ochratoxin A	(2S)-2-[[(3R)-5-chloro-8-hydroxy-3-methyl-1-oxo-3,4-dihydroisochromene-7-carbonyl]amino]-3-phenylpropanoic acid	RWQKHEORZBHNRI-BMIGLBTASA-N	InChI=1S/C20H18ClNO6/c1-10-7-12-14(21)9-13(17(23)16(12)20(27)28-10)18(24)22-15(19(25)26)8-11-5-3-2-4-6-11/h2-6,9-10,15,23H,7-8H2,1H3,(H,22,24)(H,25,26)/t10-,15+/m1/s1	CC1CC2=C(C=C(C(=C2C(=O)O1)O)C(=O)NC(CC3=CC=CC=C3)C(=O)O)Cl
CAS:94-74-6	7204	CAS:94-74-6	(4-Chloro-2-methylphenoxy)acetic acid	2-(4-chloro-2-methylphenoxy)acetic acid	WHKUVVPPKQRRBV-UHFFFAOYSA-N	InChI=1S/C9H9ClO3/c1-6-4-7(10)2-3-8(6)13-5-9(11)12/h2-4H,5H2,1H3,(H,11,12)	CC1=C(C=CC(=C1)Cl)OCC(=O)O
CAS:34911-55-2	444	CAS:34911-55-2	Bupropion	2-(tert-butylamino)-1-(3-chlorophenyl)propan-1-one	SNPPWIUOZRMYNY-UHFFFAOYSA-N	InChI=1S/C13H18ClNO/c1-9(15-13(2,3)4)12(16)10-6-5-7-11(14)8-10/h5-9,15H,1-4H3	CC(C(=O)C1=CC(=CC=C1)Cl)NC(C)(C)C
CAS:53-19-0	4211	CAS:53-19-0	Mitotane	1-chloro-2-[2,2-dichloro-1-(4-chlorophenyl)ethyl]benzene	JWBOIMRXGHLCPP-UHFFFAOYSA-N	InChI=1S/C14H10Cl4/c15-10-7-5-9(6-8-10)13(14(17)18)11-3-1-2-4-12(11)16/h1-8,13-14H	C1=CC=C(C(=C1)C(C2=CC=C(C=C2)Cl)C(Cl)Cl)Cl
CAS:90-43-7	7017	CAS:90-43-7	2-Phenylphenol	2-phenylphenol	LLEMOWNGBBNAJR-UHFFFAOYSA-N	InChI=1S/C12H10O/c13-12-9-5-4-8-11(12)10-6-2-1-3-7-10/h1-9,13H	C1=CC=C(C=C1)C2=CC=CC=C2O
CAS:132-64-9	568	CAS:132-64-9	Dibenzofuran	dibenzofuran	TXCDCPKCNAJMEE-UHFFFAOYSA-N	InChI=1S/C12H8O/c1-3-7-11-9(5-1)10-6-2-4-8-12(10)13-11/h1-8H	C1=CC=C2C(=C1)C3=CC=CC=C3O2
CAS:6811-73-0	10256668	CAS:6811-73-0	(13Z)-beta-Carotene	1,3,3-trimethyl-2-[(1E,3E,5E,7E,9E,11Z,13E,15E,17E)-3,7,12,16-tetramethyl-18-(2,6,6-trimethylcyclohexen-1-yl)octadeca-1,3,5,7,9,11,13,15,17-nonaenyl]cyclohexene	OENHQHLEOONYIE-MZMZTKINSA-N	InChI=1S/C40H56/c1-31(19-13-21-33(3)25-27-37-35(5)23-15-29-39(37,7)8)17-11-12-18-32(2)20-14-22-34(4)26-28-38-36(6)24-16-30-40(38,9)10/h11-14,17-22,25-28H,15-16,23-24,29-30H2,1-10H3/b12-11+,19-13+,20-14+,27-25+,28-26+,31-17-,32-18+,33-21+,34-22+	CC1=C(C(CCC1)(C)C)C=CC(=CC=CC(=CC=CC=C(C)C=CC=C(C)C=CC2=C(CCCC2(C)C)C)C)C
CAS:76-41-5	5284604	CAS:76-41-5	Oxymorphone	(4R,4aS,7aR,12bS)-4a,9-dihydroxy-3-methyl-2,4,5,6,7a,13-hexahydro-1H-4,12-methanobenzofuro[3,2-e]isoquinolin-7-one	UQCNKQCJZOAFTQ-ISWURRPUSA-N	InChI=1S/C17H19NO4/c1-18-7-6-16-13-9-2-3-10(19)14(13)22-15(16)11(20)4-5-17(16,21)12(18)8-9/h2-3,12,15,19,21H,4-8H2,1H3/t12-,15+,16+,17-/m1/s1	CN1CCC23C4C(=O)CCC2(C1CC5=C3C(=C(C=C5)O)O4)O
CAS:363-24-6	5280360	CAS:363-24-6	Dinoprostone	(Z)-7-[(1R,2R,3R)-3-hydroxy-2-[(E,3S)-3-hydroxyoct-1-enyl]-5-oxocyclopentyl]hept-5-enoic acid	XEYBRNLFEZDVAW-ARSRFYASSA-N	InChI=1S/C20H32O5/c1-2-3-6-9-15(21)12-13-17-16(18(22)14-19(17)23)10-7-4-5-8-11-20(24)25/h4,7,12-13,15-17,19,21,23H,2-3,5-6,8-11,14H2,1H3,(H,24,25)/b7-4-,13-12+/t15-,16+,17+,19+/m0/s1	CCCCCC(C=CC1C(CC(=O)C1CC=CCCCC(=O)O)O)O
CAS:60-57-1	969491	CAS:60-57-1	Dieldrin	(1R,2S,3S,6R,7R,8S,9S,11R)-3,4,5,6,13,13-hexachloro-10-oxapentacyclo[6.3.1.13,6.02,7.09,11]tridec-4-ene	DFBKLUNHFCTMDC-PICURKEMSA-N	InChI=1S/C12H8Cl6O/c13-8-9(14)11(16)5-3-1-2(6-7(3)19-6)4(5)10(8,15)12(11,17)18/h2-7H,1H2/t2-,3+,4+,5-,6-,7+,10+,11-	C1C2C3C(C1C4C2O4)C5(C(=C(C3(C5(Cl)Cl)Cl)Cl)Cl)Cl
CAS:72-20-8	12358480	CAS:72-20-8	Hexadrin	(1R,2R,3R,6S,7S,8S,9S,11R)-3,4,5,6,13,13-hexachloro-10-oxapentacyclo[6.3.1.13,6.02,7.09,11]tridec-4-ene	DFBKLUNHFCTMDC-GKRDHZSOSA-N	InChI=1S/C12H8Cl6O/c13-8-9(14)11(16)5-3-1-2(6-7(3)19-6)4(5)10(8,15)12(11,17)18/h2-7H,1H2/t2-,3+,4-,5+,6-,7+,10-,11+	C1C2C3C(C1C4C2O4)C5(C(=C(C3(C5(Cl)Cl)Cl)Cl)Cl)Cl
CAS:319-84-6	727	CAS:319-84-6	alpha-Hexachlorocyclohexane	alpha-Hexachlorocyclohexane	JLYXXMFPNIAWKQ-LKPKBOIGSA-N	InChI=1S/C6H6Cl6/c7-1-2(8)4(10)6(12)5(11)3(1)9/h1-6H/t1-,2-,3-,4-,5+,6+/m0/s1	Cl[C@H]1[C@H](Cl)
CAS:319-85-7	727	CAS:319-85-7	beta-Hexachlorocyclohexane	beta-Hexachlorocyclohexane	JLYXXMFPNIAWKQ-LKPKBOIGSA-N	InChI=1S/C6H6Cl6/c7-1-2(8)4(10)6(12)5(11)3(1)9/h1-6H/t1-,2-,3-,4-,5+,6+/m0/s1	Cl[C@H]1[C@H](Cl)
CAS:309-00-2	12310947	CAS:309-00-2	Aldrite	(1R,2R,3R,6S,7S,8S)-1,8,9,10,11,11-hexachlorotetracyclo[6.2.1.13,6.02,7]dodeca-4,9-diene	QBYJBZPUGVGKQQ-SJJAEHHWSA-N	InChI=1S/C12H8Cl6/c13-8-9(14)11(16)7-5-2-1-4(3-5)6(7)10(8,15)12(11,17)18/h1-2,4-7H,3H2/t4-,5+,6+,7-,10+,11-	C1C2C=CC1C3C2C4(C(=C(C3(C4(Cl)Cl)Cl)Cl)Cl)Cl
CAS:155681-22-4	13785704	CAS:155681-22-4	Oxy-Chlordane	(1S,2R,3S,5R,6R,7S,8R)-1,5,6,8,9,10,11,11-octachloro-4-oxatetracyclo[6.2.1.02,7.03,5]undec-9-ene	VWGNQYSIWFHEQU-ZJIZBUSHSA-N	InChI=1S/C10H4Cl8O/c11-3-1-2(6-9(3,16)19-6)8(15)5(13)4(12)7(1,14)10(8,17)18/h1-3,6H/t1-,2+,3+,6-,7+,8-,9+/m0/s1	C12C(C(C3(C1O3)Cl)Cl)C4(C(=C(C2(C4(Cl)Cl)Cl)Cl)Cl)Cl
CAS:4376-20-9	20393	CAS:4376-20-9	2-(((2-Ethylhexyl)oxy)carbonyl)benzoic acid	2-(2-ethylhexoxycarbonyl)benzoic acid	DJDSLBVSSOQSLW-UHFFFAOYSA-N	InChI=1S/C16H22O4/c1-3-5-8-12(4-2)11-20-16(19)14-10-7-6-9-13(14)15(17)18/h6-7,9-10,12H,3-5,8,11H2,1-2H3,(H,17,18)	CCCCC(CC)COC(=O)C1=CC=CC=C1C(=O)O
CAS:131-57-7	4632	CAS:131-57-7	Oxybenzone	(2-hydroxy-4-methoxyphenyl)-phenylmethanone	DXGLGDHPHMLXJC-UHFFFAOYSA-N	InChI=1S/C14H12O3/c1-17-11-7-8-12(13(15)9-11)14(16)10-5-3-2-4-6-10/h2-9,15H,1H3	COC1=CC(=C(C=C1)C(=O)C2=CC=CC=C2)O
CAS:67-48-1	6209	CAS:67-48-1	Choline chloride	2-hydroxyethyl(trimethyl)azanium;chloride	SGMZJAMFUVOLNK-UHFFFAOYSA-M	InChI=1S/C5H14NO.ClH/c1-6(2,3)4-5-7;/h7H,4-5H2,1-3H3;1H/q+1;/p-1	C[N+](C)(C)CCO.[Cl-]
CAS:144-68-3	5280899	CAS:144-68-3	Zeaxanthin	(1R)-4-[(1E,3E,5E,7E,9E,11E,13E,15E,17E)-18-[(4R)-4-hydroxy-2,6,6-trimethylcyclohexen-1-yl]-3,7,12,16-tetramethyloctadeca-1,3,5,7,9,11,13,15,17-nonaenyl]-3,5,5-trimethylcyclohex-3-en-1-ol	JKQXZKUSFCKOGQ-QAYBQHTQSA-N	InChI=1S/C40H56O2/c1-29(17-13-19-31(3)21-23-37-33(5)25-35(41)27-39(37,7)8)15-11-12-16-30(2)18-14-20-32(4)22-24-38-34(6)26-36(42)28-40(38,9)10/h11-24,35-36,41-42H,25-28H2,1-10H3/b12-11+,17-13+,18-14+,23-21+,24-22+,29-15+,30-16+,31-19+,32-20+/t35-,36-/m1/s1	CC1=C(C(CC(C1)O)(C)C)C=CC(=CC=CC(=CC=CC=C(C)C=CC=C(C)C=CC2=C(CC(CC2(C)C)O)C)C)C
CAS:6217-54-5	445580	CAS:6217-54-5	Docosahexaenoic acid	(4Z,7Z,10Z,13Z,16Z,19Z)-docosa-4,7,10,13,16,19-hexaenoic acid	MBMBGCFOFBJSGT-KUBAVDMBSA-N	InChI=1S/C22H32O2/c1-2-3-4-5-6-7-8-9-10-11-12-13-14-15-16-17-18-19-20-21-22(23)24/h3-4,6-7,9-10,12-13,15-16,18-19H,2,5,8,11,14,17,20-21H2,1H3,(H,23,24)/b4-3-,7-6-,10-9-,13-12-,16-15-,19-18-	CCC=CCC=CCC=CCC=CCC=CCC=CCCC(=O)O
CAS:506-32-1	444899	CAS:506-32-1	Arachidonic acid	(5Z,8Z,11Z,14Z)-icosa-5,8,11,14-tetraenoic acid	YZXBAPSDXZZRGB-DOFZRALJSA-N	InChI=1S/C20H32O2/c1-2-3-4-5-6-7-8-9-10-11-12-13-14-15-16-17-18-19-20(21)22/h6-7,9-10,12-13,15-16H,2-5,8,11,14,17-19H2,1H3,(H,21,22)/b7-6-,10-9-,13-12-,16-15-	CCCCCC=CCC=CCC=CCC=CCCCC(=O)O
CAS:20590-32-3	5312531	CAS:20590-32-3	Mead acid	(5Z,8Z,11Z)-icosa-5,8,11-trienoic acid	UNSRRHDPHVZAHH-YOILPLPUSA-N	InChI=1S/C20H34O2/c1-2-3-4-5-6-7-8-9-10-11-12-13-14-15-16-17-18-19-20(21)22/h9-10,12-13,15-16H,2-8,11,14,17-19H2,1H3,(H,21,22)/b10-9-,13-12-,16-15-	CCCCCCCCC=CCC=CCC=CCCCC(=O)O
CAS:101468-86-4	11756979	CAS:101468-86-4	(5Z)-Lycopene	(6Z,8E,10E,12E,14E,16E,18E,20E,22E,24E,26E)-2,6,10,14,19,23,27,31-octamethyldotriaconta-2,6,8,10,12,14,16,18,20,22,24,26,30-tridecaene	OAIJSZIZWZSQBC-IKZLVQEUSA-N	InChI=1S/C40H56/c1-33(2)19-13-23-37(7)27-17-31-39(9)29-15-25-35(5)21-11-12-22-36(6)26-16-30-40(10)32-18-28-38(8)24-14-20-34(3)4/h11-12,15-22,25-32H,13-14,23-24H2,1-10H3/b12-11+,25-15+,26-16+,31-17+,32-18+,35-21+,36-22+,37-27-,38-28+,39-29+,40-30+	CC(=CCCC(=CC=CC(=CC=CC(=CC=CC=C(C)C=CC=C(C)C=CC=C(C)CCC=C(C)C)C)C)C)C
CAS:71-43-2	241	CAS:71-43-2	Benzene	benzene	UHOVQNZJYSORNB-UHFFFAOYSA-N	InChI=1S/C6H6/c1-2-4-6-5-3-1/h1-6H	C1=CC=CC=C1
CAS:24880-45-3	5497182	CAS:24880-45-3	Docosapentaenoic acid	(7Z,10Z,13Z,16Z,19Z)-docosa-7,10,13,16,19-pentaenoic acid	YUFFSWGQGVEMMI-JLNKQSITSA-N	InChI=1S/C22H34O2/c1-2-3-4-5-6-7-8-9-10-11-12-13-14-15-16-17-18-19-20-21-22(23)24/h3-4,6-7,9-10,12-13,15-16H,2,5,8,11,14,17-21H2,1H3,(H,23,24)/b4-3-,7-6-,10-9-,13-12-,16-15-	CCC=CCC=CCC=CCC=CCC=CCCCCCC(=O)O
CAS:7235-40-7	5280489	CAS:7235-40-7	beta-Carotene	1,3,3-trimethyl-2-[(1E,3E,5E,7E,9E,11E,13E,15E,17E)-3,7,12,16-tetramethyl-18-(2,6,6-trimethylcyclohexen-1-yl)octadeca-1,3,5,7,9,11,13,15,17-nonaenyl]cyclohexene	OENHQHLEOONYIE-JLTXGRSLSA-N	InChI=1S/C40H56/c1-31(19-13-21-33(3)25-27-37-35(5)23-15-29-39(37,7)8)17-11-12-18-32(2)20-14-22-34(4)26-28-38-36(6)24-16-30-40(38,9)10/h11-14,17-22,25-28H,15-16,23-24,29-30H2,1-10H3/b12-11+,19-13+,20-14+,27-25+,28-26+,31-17+,32-18+,33-21+,34-22+	CC1=C(C(CCC1)(C)C)C=CC(=CC=CC(=CC=CC=C(C)C=CC=C(C)C=CC2=C(CCCC2(C)C)C)C)C
CAS:432-70-2	4369188	CAS:432-70-2	All-trans-alpha-Carotene	1,3,3-trimethyl-2-[(1E,3E,5E,7E,9E,11E,13E,15E,17E)-3,7,12,16-tetramethyl-18-(2,6,6-trimethylcyclohex-2-en-1-yl)octadeca-1,3,5,7,9,11,13,15,17-nonaenyl]cyclohexene	ANVAOWXLWRTKGA-JLTXGRSLSA-N	InChI=1S/C40H56/c1-31(19-13-21-33(3)25-27-37-35(5)23-15-29-39(37,7)8)17-11-12-18-32(2)20-14-22-34(4)26-28-38-36(6)24-16-30-40(38,9)10/h11-14,17-23,25-28,37H,15-16,24,29-30H2,1-10H3/b12-11+,19-13+,20-14+,27-25+,28-26+,31-17+,32-18+,33-21+,34-22+	CC1=C(C(CCC1)(C)C)C=CC(=CC=CC(=CC=CC=C(C)C=CC=C(C)C=CC2C(=CCCC2(C)C)C)C)C
CAS:10417-94-4	446284	CAS:10417-94-4	Eicosapentaenoic acid	(5Z,8Z,11Z,14Z,17Z)-icosa-5,8,11,14,17-pentaenoic acid	JAZBEHYOTPTENJ-JLNKQSITSA-N	InChI=1S/C20H30O2/c1-2-3-4-5-6-7-8-9-10-11-12-13-14-15-16-17-18-19-20(21)22/h3-4,6-7,9-10,12-13,15-16H,2,5,8,11,14,17-19H2,1H3,(H,21,22)/b4-3-,7-6-,10-9-,13-12-,16-15-	CCC=CCC=CCC=CCC=CCC=CCCCC(=O)O
CAS:28874-58-0	5497181	CAS:28874-58-0	Adrenic acid	(7Z,10Z,13Z,16Z)-docosa-7,10,13,16-tetraenoic acid	TWSWSIQAPQLDBP-DOFZRALJSA-N	InChI=1S/C22H36O2/c1-2-3-4-5-6-7-8-9-10-11-12-13-14-15-16-17-18-19-20-21-22(23)24/h6-7,9-10,12-13,15-16H,2-5,8,11,14,17-21H2,1H3,(H,23,24)/b7-6-,10-9-,13-12-,16-15-	CCCCCC=CCC=CCC=CCC=CCCCCCC(=O)O
CAS:135410-20-7	213021	CAS:135410-20-7	Acetamiprid	N-[(6-chloropyridin-3-yl)methyl]-N'-cyano-N-methylethanimidamide	WCXDHFDTOYPNIE-UHFFFAOYSA-N	InChI=1S/C10H11ClN4/c1-8(14-7-12)15(2)6-9-3-4-10(11)13-5-9/h3-5H,6H2,1-2H3	CC(=NC#N)N(C)CC1=CN=C(C=C1)Cl
CAS:112-79-8	637517	CAS:112-79-8	Elaidic acid	(E)-octadec-9-enoic acid	ZQPPMHVWECSIRJ-MDZDMXLPSA-N	InChI=1S/C18H34O2/c1-2-3-4-5-6-7-8-9-10-11-12-13-14-15-16-17-18(19)20/h9-10H,2-8,11-17H2,1H3,(H,19,20)/b10-9+	CCCCCCCCC=CCCCCCCCC(=O)O
CAS:113852-37-2	60613	CAS:113852-37-2	Cidofovir	[(2S)-1-(4-amino-2-oxopyrimidin-1-yl)-3-hydroxypropan-2-yl]oxymethylphosphonic acid	VWFCHDSQECPREK-LURJTMIESA-N	InChI=1S/C8H14N3O6P/c9-7-1-2-11(8(13)10-7)3-6(4-12)17-5-18(14,15)16/h1-2,6,12H,3-5H2,(H2,9,10,13)(H2,14,15,16)/t6-/m0/s1	C1=CN(C(=O)N=C1N)CC(CO)OCP(=O)(O)O
CAS:17046-59-2	5312529	CAS:17046-59-2	11,14,17-Eicosatrienoic acid	(11Z,14Z,17Z)-icosa-11,14,17-trienoic acid	AHANXAKGNAKFSK-PDBXOOCHSA-N	InChI=1S/C20H34O2/c1-2-3-4-5-6-7-8-9-10-11-12-13-14-15-16-17-18-19-20(21)22/h3-4,6-7,9-10H,2,5,8,11-19H2,1H3,(H,21,22)/b4-3-,7-6-,10-9-	CCC=CCC=CCC=CCCCCCCCCCC(=O)O
CAS:506-26-3	5280933	CAS:506-26-3	gamma-Linolenic acid	(6Z,9Z,12Z)-octadeca-6,9,12-trienoic acid	VZCCETWTMQHEPK-QNEBEIHSSA-N	InChI=1S/C18H30O2/c1-2-3-4-5-6-7-8-9-10-11-12-13-14-15-16-17-18(19)20/h6-7,9-10,12-13H,2-5,8,11,14-17H2,1H3,(H,19,20)/b7-6-,10-9-,13-12-	CCCCCC=CCC=CCC=CCCCCC(=O)O
CAS:1783-84-2	5280581	CAS:1783-84-2	Dihomo-gamma-linolenic acid	(8Z,11Z,14Z)-icosa-8,11,14-trienoic acid	HOBAELRKJCKHQD-QNEBEIHSSA-N	InChI=1S/C20H34O2/c1-2-3-4-5-6-7-8-9-10-11-12-13-14-15-16-17-18-19-20(21)22/h6-7,9-10,12-13H,2-5,8,11,14-19H2,1H3,(H,21,22)/b7-6-,10-9-,13-12-	CCCCCC=CCC=CCC=CCCCCCCC(=O)O
CAS:463-40-1	5280934	CAS:463-40-1	Linolenic acid	(9Z,12Z,15Z)-octadeca-9,12,15-trienoic acid	DTOSIQBPPRVQHS-PDBXOOCHSA-N	InChI=1S/C18H30O2/c1-2-3-4-5-6-7-8-9-10-11-12-13-14-15-16-17-18(19)20/h3-4,6-7,9-10H,2,5,8,11-17H2,1H3,(H,19,20)/b4-3-,7-6-,10-9-	CCC=CCC=CCC=CCCCCCCCC(=O)O
CAS:60-33-3	5280450	CAS:60-33-3	Linoleic acid	(9Z,12Z)-octadeca-9,12-dienoic acid	OYHQOLUKZRVURQ-HZJYTTRNSA-N	InChI=1S/C18H32O2/c1-2-3-4-5-6-7-8-9-10-11-12-13-14-15-16-17-18(19)20/h6-7,9-10H,2-5,8,11-17H2,1H3,(H,19,20)/b7-6-,10-9-	CCCCCC=CCC=CCCCCCCCC(=O)O
CAS:506-17-2	5282761	CAS:506-17-2	Vaccenic acid	(Z)-octadec-11-enoic acid	UWHZIFQPPBDJPM-FPLPWBNLSA-N	InChI=1S/C18H34O2/c1-2-3-4-5-6-7-8-9-10-11-12-13-14-15-16-17-18(19)20/h7-8H,2-6,9-17H2,1H3,(H,19,20)/b8-7-	CCCCCCC=CCCCCCCCCCC(=O)O
CAS:112-86-7	5281116	CAS:112-86-7	Erucic acid	(Z)-docos-13-enoic acid	DPUOLQHDNGRHBS-KTKRTIGZSA-N	InChI=1S/C22H42O2/c1-2-3-4-5-6-7-8-9-10-11-12-13-14-15-16-17-18-19-20-21-22(23)24/h9-10H,2-8,11-21H2,1H3,(H,23,24)/b10-9-	CCCCCCCCC=CCCCCCCCCCCCC(=O)O
CAS:373-49-9	445638	CAS:373-49-9	Palmitoleic acid	(Z)-hexadec-9-enoic acid	SECPZKHBENQXJG-FPLPWBNLSA-N	InChI=1S/C16H30O2/c1-2-3-4-5-6-7-8-9-10-11-12-13-14-15-16(17)18/h7-8H,2-6,9-15H2,1H3,(H,17,18)/b8-7-	CCCCCCC=CCCCCCCCC(=O)O
CAS:544-64-9	5281119	CAS:544-64-9	Myristoleic acid	(Z)-tetradec-9-enoic acid	YWWVWXASSLXJHU-WAYWQWQTSA-N	InChI=1S/C14H26O2/c1-2-3-4-5-6-7-8-9-10-11-12-13-14(15)16/h5-6H,2-4,7-13H2,1H3,(H,15,16)/b6-5-	CCCCC=CCCCCCCCC(=O)O
CAS:2201-39-0	62436	CAS:2201-39-0	Rolicyclidine	1-(1-phenylcyclohexyl)pyrrolidine	FYOWWXMGDATDQY-UHFFFAOYSA-N	InChI=1S/C16H23N/c1-3-9-15(10-4-1)16(11-5-2-6-12-16)17-13-7-8-14-17/h1,3-4,9-10H,2,5-8,11-14H2	C1CCC(CC1)(C2=CC=CC=C2)N3CCCC3
CAS:83-66-9	6753	CAS:83-66-9	Musk ambrette	1-tert-butyl-2-methoxy-4-methyl-3,5-dinitrobenzene	SUAUILGSCPYJCS-UHFFFAOYSA-N	InChI=1S/C12H16N2O5/c1-7-9(13(15)16)6-8(12(2,3)4)11(19-5)10(7)14(17)18/h6H,1-5H3	CC1=C(C=C(C(=C1[N+](=O)[O-])OC)C(C)(C)C)[N+](=O)[O-]
CAS:81-15-2	62329	CAS:81-15-2	Musk xylene	1-tert-butyl-3,5-dimethyl-2,4,6-trinitrobenzene	XMWRWTSZNLOZFN-UHFFFAOYSA-N	InChI=1S/C12H15N3O6/c1-6-9(13(16)17)7(2)11(15(20)21)8(12(3,4)5)10(6)14(18)19/h1-5H3	CC1=C(C(=C(C(=C1[N+](=O)[O-])C(C)(C)C)[N+](=O)[O-])C)[N+](=O)[O-]
CAS:68140-48-7	91696	CAS:68140-48-7	Traseolide	1-(1,1,2,6-tetramethyl-3-propan-2-yl-2,3-dihydroinden-5-yl)ethanone	IMRYETFJNLKUHK-UHFFFAOYSA-N	InChI=1S/C18H26O/c1-10(2)17-12(4)18(6,7)16-8-11(3)14(13(5)19)9-15(16)17/h8-10,12,17H,1-7H3	CC1C(C2=C(C1(C)C)C=C(C(=C2)C(=O)C)C)C(C)C
CAS:59729-33-8	2771	CAS:59729-33-8	Citalopram	1-[3-(dimethylamino)propyl]-1-(4-fluorophenyl)-3H-2-benzofuran-5-carbonitrile	WSEQXVZVJXJVFP-UHFFFAOYSA-N	InChI=1S/C20H21FN2O/c1-23(2)11-3-10-20(17-5-7-18(21)8-6-17)19-9-4-15(13-22)12-16(19)14-24-20/h4-9,12H,3,10-11,14H2,1-2H3	CN(C)CCCC1(C2=C(CO1)C=C(C=C2)C#N)C3=CC=C(C=C3)F
CAS:81-14-1	6669	CAS:81-14-1	Musk ketone	1-(4-tert-butyl-2,6-dimethyl-3,5-dinitrophenyl)ethanone	WXCMHFPAUCOJIG-UHFFFAOYSA-N	InChI=1S/C14H18N2O5/c1-7-10(9(3)17)8(2)13(16(20)21)11(14(4,5)6)12(7)15(18)19/h1-6H3	CC1=C(C(=C(C(=C1[N+](=O)[O-])C(C)(C)C)[N+](=O)[O-])C)C(=O)C
CAS:1506-02-1	89440	CAS:1506-02-1	Tonalid	1-(3,5,5,6,8,8-hexamethyl-6,7-dihydronaphthalen-2-yl)ethanone	DNRJTBAOUJJKDY-UHFFFAOYSA-N	InChI=1S/C18H26O/c1-11-8-16-15(9-14(11)13(3)19)17(4,5)10-12(2)18(16,6)7/h8-9,12H,10H2,1-7H3	CC1CC(C2=C(C1(C)C)C=C(C(=C2)C(=O)C)C)(C)C
CAS:13171-00-1	61585	CAS:13171-00-1	Celestolide	1-(6-tert-butyl-1,1-dimethyl-2,3-dihydroinden-4-yl)ethanone	IKTHMQYJOWTSJO-UHFFFAOYSA-N	InChI=1S/C17H24O/c1-11(18)14-9-12(16(2,3)4)10-15-13(14)7-8-17(15,5)6/h9-10H,7-8H2,1-6H3	CC(=O)C1=C2CCC(C2=CC(=C1)C(C)(C)C)(C)C
CAS:106610-61-1	110394	CAS:106610-61-1	Monoisononyl phthalate	2-(7-methyloctoxycarbonyl)benzoic acid	RNCMBSSLYOAVRT-UHFFFAOYSA-N	InChI=1S/C17H24O4/c1-13(2)9-5-3-4-8-12-21-17(20)15-11-7-6-10-14(15)16(18)19/h6-7,10-11,13H,3-5,8-9,12H2,1-2H3,(H,18,19)	CC(C)CCCCCCOC(=O)C1=CC=CC=C1C(=O)O
CAS:108-69-0	7949	CAS:108-69-0	3,5-Dimethylaniline	3,5-dimethylaniline	MKARNSWMMBGSHX-UHFFFAOYSA-N	InChI=1S/C8H11N/c1-6-3-7(2)5-8(9)4-6/h3-5H,9H2,1-2H3	CC1=CC(=CC(=C1)N)C
CAS:120-72-9	798	CAS:120-72-9	Indole	1H-indole	SIKJAQJRHWYJAI-UHFFFAOYSA-N	InChI=1S/C8H7N/c1-2-4-8-7(3-1)5-6-9-8/h1-6,9H	C1=CC=C2C(=C1)C=CN2
CAS:123-51-3	31260	CAS:123-51-3	Isoamyl alcohol	3-methylbutan-1-ol	PHTQWCKDNZKARW-UHFFFAOYSA-N	InChI=1S/C5H12O/c1-5(2)3-4-6/h5-6H,3-4H2,1-2H3	CC(C)CCO
CAS:505-60-2	10461	CAS:505-60-2	Mustard gas	1-chloro-2-(2-chloroethylsulfanyl)ethane	QKSKPIVNLNLAAV-UHFFFAOYSA-N	InChI=1S/C4H8Cl2S/c5-1-3-7-4-2-6/h1-4H2	C(CCl)SCCCl
CAS:79-01-6	6575	CAS:79-01-6	Trichloroethylene	1,1,2-trichloroethene	XSTXAVWGXDQKEL-UHFFFAOYSA-N	InChI=1S/C2HCl3/c3-1-2(4)5/h1H	C(=C(Cl)Cl)Cl
CAS:112-31-2	8175	CAS:112-31-2	Decanal	decanal	KSMVZQYAVGTKIV-UHFFFAOYSA-N	InChI=1S/C10H20O/c1-2-3-4-5-6-7-8-9-10-11/h10H,2-9H2,1H3	CCCCCCCCCC=O
CAS:112-85-6	8215	CAS:112-85-6	Docosanoic acid	docosanoic acid	UKMSUNONTOPOIO-UHFFFAOYSA-N	InChI=1S/C22H44O2/c1-2-3-4-5-6-7-8-9-10-11-12-13-14-15-16-17-18-19-20-21-22(23)24/h2-21H2,1H3,(H,23,24)	CCCCCCCCCCCCCCCCCCCCCC(=O)O
CAS:123-07-9	31242	CAS:123-07-9	4-Ethylphenol	4-ethylphenol	HXDOZKJGKXYMEW-UHFFFAOYSA-N	InChI=1S/C8H10O/c1-2-7-3-5-8(9)6-4-7/h3-6,9H,2H2,1H3	CCC1=CC=C(C=C1)O
CAS:27304-13-8	33772	CAS:27304-13-8	Oxychlordane	1,5,6,8,9,10,11,11-octachloro-4-oxatetracyclo[6.2.1.02,7.03,5]undec-9-ene	VWGNQYSIWFHEQU-UHFFFAOYSA-N	InChI=1S/C10H4Cl8O/c11-3-1-2(6-9(3,16)19-6)8(15)5(13)4(12)7(1,14)10(8,17)18/h1-3,6H	C12C(C(C3(C1O3)Cl)Cl)C4(C(=C(C2(C4(Cl)Cl)Cl)Cl)Cl)Cl
CAS:57-11-4	5281	CAS:57-11-4	Stearic acid	octadecanoic acid	QIQXTHQIDYTFRH-UHFFFAOYSA-N	InChI=1S/C18H36O2/c1-2-3-4-5-6-7-8-9-10-11-12-13-14-15-16-17-18(19)20/h2-17H2,1H3,(H,19,20)	CCCCCCCCCCCCCCCCCC(=O)O
CAS:66-25-1	6184	CAS:66-25-1	Hexanal	hexanal	JARKCYVAAOWBJS-UHFFFAOYSA-N	InChI=1S/C6H12O/c1-2-3-4-5-6-7/h6H,2-5H2,1H3	CCCCCC=O
CAS:355-46-4	67734	CAS:355-46-4	Perfluorohexanesulfonic acid	1,1,2,2,3,3,4,4,5,5,6,6,6-tridecafluorohexane-1-sulfonic acid	QZHDEAJFRJCDMF-UHFFFAOYSA-N	InChI=1S/C6HF13O3S/c7-1(8,3(11,12)5(15,16)17)2(9,10)4(13,14)6(18,19)23(20,21)22/h(H,20,21,22)	C(C(C(C(F)(F)S(=O)(=O)O)(F)F)(F)F)(C(C(F)(F)F)(F)F)(F)F
CAS:104-76-7	7720	CAS:104-76-7	2-Ethylhexanol	2-ethylhexan-1-ol	YIWUKEYIRIRTPP-UHFFFAOYSA-N	InChI=1S/C8H18O/c1-3-5-6-8(4-2)7-9/h8-9H,3-7H2,1-2H3	CCCCC(CC)CO
CAS:111-27-3	8103	CAS:111-27-3	1-Hexanol	hexan-1-ol	ZSIAUFGUXNUGDI-UHFFFAOYSA-N	InChI=1S/C6H14O/c1-2-3-4-5-6-7/h7H,2-6H2,1H3	CCCCCCO
CAS:142-92-7	8908	CAS:142-92-7	Hexyl acetate	hexyl acetate	AOGQPLXWSUTHQB-UHFFFAOYSA-N	InChI=1S/C8H16O2/c1-3-4-5-6-7-10-8(2)9/h3-7H2,1-2H3	CCCCCCOC(=O)C
CAS:87-86-5	992	CAS:87-86-5	Pentachlorophenol	2,3,4,5,6-pentachlorophenol	IZUPBVBPLAPZRR-UHFFFAOYSA-N	InChI=1S/C6HCl5O/c7-1-2(8)4(10)6(12)5(11)3(1)9/h12H	C1(=C(C(=C(C(=C1Cl)Cl)Cl)Cl)Cl)O
CAS:120-83-2	8449	CAS:120-83-2	2,4-Dichlorophenol	2,4-dichlorophenol	HFZWRUODUSTPEG-UHFFFAOYSA-N	InChI=1S/C6H4Cl2O/c7-4-1-2-6(9)5(8)3-4/h1-3,9H	C1=CC(=C(C=C1Cl)Cl)O
CAS:90-15-3	7005	CAS:90-15-3	1-Naphthol	naphthalen-1-ol	KJCVRFUGPWSIIH-UHFFFAOYSA-N	InChI=1S/C10H8O/c11-10-7-3-5-8-4-1-2-6-9(8)10/h1-7,11H	C1=CC=C2C(=C1)C=CC=C2O
CAS:111-87-5	957	CAS:111-87-5	1-Octanol	octan-1-ol	KBPLFHHGFOOTCA-UHFFFAOYSA-N	InChI=1S/C8H18O/c1-2-3-4-5-6-7-8-9/h9H,2-8H2,1H3	CCCCCCCCO
CAS:535-77-3	10812	CAS:535-77-3	M-Cymene	1-methyl-3-propan-2-ylbenzene	XCYJPXQACVEIOS-UHFFFAOYSA-N	InChI=1S/C10H14/c1-8(2)10-6-4-5-9(3)7-10/h4-8H,1-3H3	CC1=CC(=CC=C1)C(C)C
CAS:104-46-1	637563	CAS:104-46-1	Anethole	1-methoxy-4-[(E)-prop-1-enyl]benzene	RUVINXPYWBROJD-ONEGZZNKSA-N	InChI=1S/C10H12O/c1-3-4-9-5-7-10(11-2)8-6-9/h3-8H,1-2H3/b4-3+	CC=CC1=CC=C(C=C1)OC
CAS:124-11-8	31285	CAS:124-11-8	1-Nonene	non-1-ene	JRZJOMJEPLMPRA-UHFFFAOYSA-N	InChI=1S/C9H18/c1-3-5-7-9-8-6-4-2/h3H,1,4-9H2,2H3	CCCCCCCC=C
CAS:334-48-5	2969	CAS:334-48-5	Decanoic acid	decanoic acid	GHVNFZFCNZKVNT-UHFFFAOYSA-N	InChI=1S/C10H20O2/c1-2-3-4-5-6-7-8-9-10(11)12/h2-9H2,1H3,(H,11,12)	CCCCCCCCCC(=O)O
CAS:1763-23-1	74483	CAS:1763-23-1	Perfluorooctanesulfonic acid	1,1,2,2,3,3,4,4,5,5,6,6,7,7,8,8,8-heptadecafluorooctane-1-sulfonic acid	YFSUTJLHUFNCNZ-UHFFFAOYSA-N	InChI=1S/C8HF17O3S/c9-1(10,3(13,14)5(17,18)7(21,22)23)2(11,12)4(15,16)6(19,20)8(24,25)29(26,27)28/h(H,26,27,28)	C(C(C(C(C(F)(F)S(=O)(=O)O)(F)F)(F)F)(F)F)(C(C(C(F)(F)F)(F)F)(F)F)(F)F
CAS:57-10-3	985	CAS:57-10-3	Palmitic acid	hexadecanoic acid	IPCSVZSSVZVIGE-UHFFFAOYSA-N	InChI=1S/C16H32O2/c1-2-3-4-5-6-7-8-9-10-11-12-13-14-15-16(17)18/h2-15H2,1H3,(H,17,18)	CCCCCCCCCCCCCCCC(=O)O
CAS:628-63-7	12348	CAS:628-63-7	Pentyl acetate	pentyl acetate	PGMYKACGEOXYJE-UHFFFAOYSA-N	InChI=1S/C7H14O2/c1-3-4-5-6-9-7(2)8/h3-6H2,1-2H3	CCCCCOC(=O)C
CAS:71-41-0	6276	CAS:71-41-0	1-Pentanol	pentan-1-ol	AMQJEAYHLZJPGS-UHFFFAOYSA-N	InChI=1S/C5H12O/c1-2-3-4-5-6/h6H,2-5H2,1H3	CCCCCO
CAS:437-38-7	3345	CAS:437-38-7	Fentanyl	N-phenyl-N-[1-(2-phenylethyl)piperidin-4-yl]propanamide	PJMPHNIQZUBGLI-UHFFFAOYSA-N	InChI=1S/C22H28N2O/c1-2-22(25)24(20-11-7-4-8-12-20)21-14-17-23(18-15-21)16-13-19-9-5-3-6-10-19/h3-12,21H,2,13-18H2,1H3	CCC(=O)N(C1CCN(CC1)CCC2=CC=CC=C2)C3=CC=CC=C3
CAS:58-15-1	6009	CAS:58-15-1	Aminopyrine	4-(dimethylamino)-1,5-dimethyl-2-phenylpyrazol-3-one	RMMXTBMQSGEXHJ-UHFFFAOYSA-N	InChI=1S/C13H17N3O/c1-10-12(14(2)3)13(17)16(15(10)4)11-8-6-5-7-9-11/h5-9H,1-4H3	CC1=C(C(=O)N(N1C)C2=CC=CC=C2)N(C)C
CAS:103-65-1	7668	CAS:103-65-1	Propylbenzene	propylbenzene	ODLMAHJVESYWTB-UHFFFAOYSA-N	InChI=1S/C9H12/c1-2-6-9-7-4-3-5-8-9/h3-5,7-8H,2,6H2,1H3	CCCC1=CC=CC=C1
CAS:544-63-8	11005	CAS:544-63-8	Myristic acid	tetradecanoic acid	TUNFSRHWOTWDNC-UHFFFAOYSA-N	InChI=1S/C14H28O2/c1-2-3-4-5-6-7-8-9-10-11-12-13-14(15)16/h2-13H2,1H3,(H,15,16)	CCCCCCCCCCCCCC(=O)O
CAS:112-70-9	8207	CAS:112-70-9	1-Tridecanol	tridecan-1-ol	XFRVVPUIAFSTFO-UHFFFAOYSA-N	InChI=1S/C13H28O/c1-2-3-4-5-6-7-8-9-10-11-12-13-14/h14H,2-13H2,1H3	CCCCCCCCCCCCCO
CAS:143-07-7	3893	CAS:143-07-7	Lauric acid	dodecanoic acid	POULHZVOKOAJMA-UHFFFAOYSA-N	InChI=1S/C12H24O2/c1-2-3-4-5-6-7-8-9-10-11-12(13)14/h2-11H2,1H3,(H,13,14)	CCCCCCCCCCCC(=O)O
CAS:50-29-3	3036	CAS:50-29-3	Clofenotane	1-chloro-4-[2,2,2-trichloro-1-(4-chlorophenyl)ethyl]benzene	YVGGHNCTFXOJCH-UHFFFAOYSA-N	InChI=1S/C14H9Cl5/c15-11-5-1-9(2-6-11)13(14(17,18)19)10-3-7-12(16)8-4-10/h1-8,13H	C1=CC(=CC=C1C(C2=CC=C(C=C2)Cl)C(Cl)(Cl)Cl)Cl
CAS:72-54-8	6294	CAS:72-54-8	p,p'-DDD	1-chloro-4-[2,2-dichloro-1-(4-chlorophenyl)ethyl]benzene	AHJKRLASYNVKDZ-UHFFFAOYSA-N	InChI=1S/C14H10Cl4/c15-11-5-1-9(2-6-11)13(14(17)18)10-3-7-12(16)8-4-10/h1-8,13-14H	C1=CC(=CC=C1C(C2=CC=C(C=C2)Cl)C(Cl)Cl)Cl
CAS:72-55-9	3035	CAS:72-55-9	p,p'-DDE	1-chloro-4-[2,2-dichloro-1-(4-chlorophenyl)ethenyl]benzene	UCNVFOCBFJOQAL-UHFFFAOYSA-N	InChI=1S/C14H8Cl4/c15-11-5-1-9(2-6-11)13(14(17)18)10-3-7-12(16)8-4-10/h1-8H	C1=CC(=CC=C1C(=C(Cl)Cl)C2=CC=C(C=C2)Cl)Cl
CAS:3424-82-6	246598	CAS:3424-82-6	O,P'-Dde	1-chloro-2-[2,2-dichloro-1-(4-chlorophenyl)ethenyl]benzene	ZDYJWDIWLRZXDB-UHFFFAOYSA-N	InChI=1S/C14H8Cl4/c15-10-7-5-9(6-8-10)13(14(17)18)11-3-1-2-4-12(11)16/h1-8H	C1=CC=C(C(=C1)C(=C(Cl)Cl)C2=CC=C(C=C2)Cl)Cl
CAS:79-34-5	6591	CAS:79-34-5	1,1,2,2-Tetrachloroethane	1,1,2,2-tetrachloroethane	QPFMBZIOSGYJDE-UHFFFAOYSA-N	InChI=1S/C2H2Cl4/c3-1(4)2(5)6/h1-2H	C(C(Cl)Cl)(Cl)Cl
CAS:71-55-6	6278	CAS:71-55-6	1,1,1-Trichloroethane	1,1,1-trichloroethane	UOCLXMDMGBRAIB-UHFFFAOYSA-N	InChI=1S/C2H3Cl3/c1-2(3,4)5/h1H3	CC(Cl)(Cl)Cl
CAS:67-66-3	6212	CAS:67-66-3	Chloroform	chloroform	HEDRZPFGACZZDS-UHFFFAOYSA-N	InChI=1S/CHCl3/c2-1(3)4/h1H	C(Cl)(Cl)Cl
CAS:127-18-4	31373	CAS:127-18-4	Tetrachloroethylene	1,1,2,2-tetrachloroethene	CYTYCFOTNPOANT-UHFFFAOYSA-N	InChI=1S/C2Cl4/c3-1(4)2(5)6	C(=C(Cl)Cl)(Cl)Cl
CAS:87-68-3	6901	CAS:87-68-3	Hexachlorobutadiene	1,1,2,3,4,4-hexachlorobuta-1,3-diene	RWNKSTSCBHKHTB-UHFFFAOYSA-N	InChI=1S/C4Cl6/c5-1(3(7)8)2(6)4(9)10	C(=C(Cl)Cl)(C(=C(Cl)Cl)Cl)Cl
CAS:38380-07-3	38018	CAS:38380-07-3	2,2',3,3',4,4'-Hexachlorobiphenyl	1,2,3-trichloro-4-(2,3,4-trichlorophenyl)benzene	BTAGRXWGMYTPBY-UHFFFAOYSA-N	InChI=1S/C12H4Cl6/c13-7-3-1-5(9(15)11(7)17)6-2-4-8(14)12(18)10(6)16/h1-4H	C1=CC(=C(C(=C1C2=C(C(=C(C=C2)Cl)Cl)Cl)Cl)Cl)Cl
CAS:35065-30-6	37037	CAS:35065-30-6	2,2',3,3',4,4',5-Heptachlorobiphenyl	1,2,3,4-tetrachloro-5-(2,3,4-trichlorophenyl)benzene	RMPWIIKNWPVWNG-UHFFFAOYSA-N	InChI=1S/C12H3Cl7/c13-6-2-1-4(8(15)10(6)17)5-3-7(14)11(18)12(19)9(5)16/h1-3H	C1=CC(=C(C(=C1C2=CC(=C(C(=C2Cl)Cl)Cl)Cl)Cl)Cl)Cl
CAS:52663-71-5	40478	CAS:52663-71-5	2,2',3,3',4,4',6-Heptachlorobiphenyl	1,2,3,5-tetrachloro-4-(2,3,4-trichlorophenyl)benzene	TZMHVHLTPWKZCI-UHFFFAOYSA-N	InChI=1S/C12H3Cl7/c13-5-2-1-4(9(16)10(5)17)8-6(14)3-7(15)11(18)12(8)19/h1-3H	C1=CC(=C(C(=C1C2=C(C(=C(C=C2Cl)Cl)Cl)Cl)Cl)Cl)Cl
CAS:35065-29-3	37036	CAS:35065-29-3	2,2',3,4,4',5,5'-Heptachlorobiphenyl	1,2,3,4-tetrachloro-5-(2,4,5-trichlorophenyl)benzene	WBHQEUPUMONIKF-UHFFFAOYSA-N	InChI=1S/C12H3Cl7/c13-6-3-8(15)7(14)1-4(6)5-2-9(16)11(18)12(19)10(5)17/h1-3H	C1=C(C(=CC(=C1Cl)Cl)Cl)C2=CC(=C(C(=C2Cl)Cl)Cl)Cl
CAS:35065-28-2	37035	CAS:35065-28-2	2,2',3,4,4',5'-Hexachlorobiphenyl	1,2,3-trichloro-4-(2,4,5-trichlorophenyl)benzene	RPUMZMSNLZHIGZ-UHFFFAOYSA-N	InChI=1S/C12H4Cl6/c13-7-2-1-5(11(17)12(7)18)6-3-9(15)10(16)4-8(6)14/h1-4H	C1=CC(=C(C(=C1C2=CC(=C(C=C2Cl)Cl)Cl)Cl)Cl)Cl
CAS:52663-69-1	40476	CAS:52663-69-1	2,2',3,4,4',5',6-Heptachlorobiphenyl	1,2,3,5-tetrachloro-4-(2,4,5-trichlorophenyl)benzene	KQBFUDNJKCZEDQ-UHFFFAOYSA-N	InChI=1S/C12H3Cl7/c13-5-2-7(15)6(14)1-4(5)10-8(16)3-9(17)11(18)12(10)19/h1-3H	C1=C(C(=CC(=C1Cl)Cl)Cl)C2=C(C(=C(C=C2Cl)Cl)Cl)Cl
CAS:52663-68-0	40475	CAS:52663-68-0	2,2',3,4',5,5',6-Heptachlorobiphenyl	1,2,4,5-tetrachloro-3-(2,4,5-trichlorophenyl)benzene	UDMZPLROONOSEF-UHFFFAOYSA-N	InChI=1S/C12H3Cl7/c13-5-2-7(15)6(14)1-4(5)10-11(18)8(16)3-9(17)12(10)19/h1-3H	C1=C(C(=CC(=C1Cl)Cl)Cl)C2=C(C(=CC(=C2Cl)Cl)Cl)Cl
CAS:2437-79-8	17097	CAS:2437-79-8	2,2',4,4'-Tetrachlorobiphenyl	2,4-dichloro-1-(2,4-dichlorophenyl)benzene	QORAVNMWUNPXAO-UHFFFAOYSA-N	InChI=1S/C12H6Cl4/c13-7-1-3-9(11(15)5-7)10-4-2-8(14)6-12(10)16/h1-6H	C1=CC(=C(C=C1Cl)Cl)C2=C(C=C(C=C2)Cl)Cl
CAS:38380-01-7	38013	CAS:38380-01-7	2,2',4,4',5-Pentachlorobiphenyl	1,2,4-trichloro-5-(2,4-dichlorophenyl)benzene	LMQJBFRGXHMNOX-UHFFFAOYSA-N	InChI=1S/C12H5Cl5/c13-6-1-2-7(9(14)3-6)8-4-11(16)12(17)5-10(8)15/h1-5H	C1=CC(=C(C=C1Cl)Cl)C2=CC(=C(C=C2Cl)Cl)Cl
CAS:35065-27-1	37034	CAS:35065-27-1	2,2',4,4',5,5'-Hexachlorobiphenyl	1,2,4-trichloro-5-(2,4,5-trichlorophenyl)benzene	MVWHGTYKUMDIHL-UHFFFAOYSA-N	InChI=1S/C12H4Cl6/c13-7-3-11(17)9(15)1-5(7)6-2-10(16)12(18)4-8(6)14/h1-4H	C1=C(C(=CC(=C1Cl)Cl)Cl)C2=CC(=C(C=C2Cl)Cl)Cl
CAS:37680-73-2	37807	CAS:37680-73-2	2,2',4,5,5'-Pentachlorobiphenyl	1,2,4-trichloro-5-(2,5-dichlorophenyl)benzene	LAHWLEDBADHJGA-UHFFFAOYSA-N	InChI=1S/C12H5Cl5/c13-6-1-2-9(14)7(3-6)8-4-11(16)12(17)5-10(8)15/h1-5H	C1=CC(=C(C=C1Cl)C2=CC(=C(C=C2Cl)Cl)Cl)Cl
CAS:37680-65-2	37803	CAS:37680-65-2	2,2',5-Trichlorobiphenyl	1,4-dichloro-2-(2-chlorophenyl)benzene	DCMURXAZTZQAFB-UHFFFAOYSA-N	InChI=1S/C12H7Cl3/c13-8-5-6-12(15)10(7-8)9-3-1-2-4-11(9)14/h1-7H	C1=CC=C(C(=C1)C2=C(C=CC(=C2)Cl)Cl)Cl
CAS:35693-99-3	37248	CAS:35693-99-3	2,2',5,5'-Tetrachlorobiphenyl	1,4-dichloro-2-(2,5-dichlorophenyl)benzene	HCWZEPKLWVAEOV-UHFFFAOYSA-N	InChI=1S/C12H6Cl4/c13-7-1-3-11(15)9(5-7)10-6-8(14)2-4-12(10)16/h1-6H	C1=CC(=C(C=C1Cl)C2=C(C=CC(=C2)Cl)Cl)Cl
CAS:38380-08-4	38019	CAS:38380-08-4	2,3,3',4,4',5-Hexachlorobiphenyl	1,2,3,4-tetrachloro-5-(3,4-dichlorophenyl)benzene	LCXMEXLGMKFLQO-UHFFFAOYSA-N	InChI=1S/C12H4Cl6/c13-7-2-1-5(3-8(7)14)6-4-9(15)11(17)12(18)10(6)16/h1-4H	C1=CC(=C(C=C1C2=CC(=C(C(=C2Cl)Cl)Cl)Cl)Cl)Cl
CAS:32598-14-4	36188	CAS:32598-14-4	2,3,3',4,4'-Pentachlorobiphenyl	1,2,3-trichloro-4-(3,4-dichlorophenyl)benzene	WIDHRBRBACOVOY-UHFFFAOYSA-N	InChI=1S/C12H5Cl5/c13-8-3-1-6(5-10(8)15)7-2-4-9(14)12(17)11(7)16/h1-5H	C1=CC(=C(C=C1C2=C(C(=C(C=C2)Cl)Cl)Cl)Cl)Cl
CAS:74472-37-0	53036	CAS:74472-37-0	2,3,4,4',5-Pentachlorobiphenyl	1,2,3,4-tetrachloro-5-(4-chlorophenyl)benzene	SXZSFWHOSHAKMN-UHFFFAOYSA-N	InChI=1S/C12H5Cl5/c13-7-3-1-6(2-4-7)8-5-9(14)11(16)12(17)10(8)15/h1-5H	C1=CC(=CC=C1C2=CC(=C(C(=C2Cl)Cl)Cl)Cl)Cl
CAS:32598-10-0	36185	CAS:32598-10-0	2,3',4,4'-Tetrachlorobiphenyl	1,2-dichloro-4-(2,4-dichlorophenyl)benzene	RKLLTEAEZIJBAU-UHFFFAOYSA-N	InChI=1S/C12H6Cl4/c13-8-2-3-9(11(15)6-8)7-1-4-10(14)12(16)5-7/h1-6H	C1=CC(=C(C=C1C2=C(C=C(C=C2)Cl)Cl)Cl)Cl
CAS:31508-00-6	35823	CAS:31508-00-6	2,3',4,4',5-Pentachlorobiphenyl	1,2,4-trichloro-5-(3,4-dichlorophenyl)benzene	IUTPYMGCWINGEY-UHFFFAOYSA-N	InChI=1S/C12H5Cl5/c13-8-2-1-6(3-10(8)15)7-4-11(16)12(17)5-9(7)14/h1-5H	C1=CC(=C(C=C1C2=CC(=C(C=C2Cl)Cl)Cl)Cl)Cl
CAS:38444-86-9	38036	CAS:38444-86-9	2,3',4'-Trichlorobiphenyl	1,2-dichloro-4-(2-chlorophenyl)benzene	RIMXLXBUOQMDHV-UHFFFAOYSA-N	InChI=1S/C12H7Cl3/c13-10-4-2-1-3-9(10)8-5-6-11(14)12(15)7-8/h1-7H	C1=CC=C(C(=C1)C2=CC(=C(C=C2)Cl)Cl)Cl
CAS:7012-37-5	23448	CAS:7012-37-5	2,4,4'-Trichlorobiphenyl	2,4-dichloro-1-(4-chlorophenyl)benzene	BZTYNSQSZHARAZ-UHFFFAOYSA-N	InChI=1S/C12H7Cl3/c13-9-3-1-8(2-4-9)11-6-5-10(14)7-12(11)15/h1-7H	C1=CC(=CC=C1C2=C(C=C(C=C2)Cl)Cl)Cl
CAS:32690-93-0	36218	CAS:32690-93-0	2,4,4',5-Tetrachlorobiphenyl	1,2,4-trichloro-5-(4-chlorophenyl)benzene	TULCXSBAPHCWCF-UHFFFAOYSA-N	InChI=1S/C12H6Cl4/c13-8-3-1-7(2-4-8)9-5-11(15)12(16)6-10(9)14/h1-6H	C1=CC(=CC=C1C2=CC(=C(C=C2Cl)Cl)Cl)Cl
CAS:32598-13-3	36187	CAS:32598-13-3	3,3',4,4'-Tetrachlorobiphenyl	1,2-dichloro-4-(3,4-dichlorophenyl)benzene	UQMGJOKDKOLIDP-UHFFFAOYSA-N	InChI=1S/C12H6Cl4/c13-9-3-1-7(5-11(9)15)8-2-4-10(14)12(16)6-8/h1-6H	C1=CC(=C(C=C1C2=CC(=C(C=C2)Cl)Cl)Cl)Cl
CAS:57465-28-8	63090	CAS:57465-28-8	3,3',4,4',5-Pentachlorobiphenyl	1,2,3-trichloro-5-(3,4-dichlorophenyl)benzene	REHONNLQRWTIFF-UHFFFAOYSA-N	InChI=1S/C12H5Cl5/c13-8-2-1-6(3-9(8)14)7-4-10(15)12(17)11(16)5-7/h1-5H	C1=CC(=C(C=C1C2=CC(=C(C(=C2)Cl)Cl)Cl)Cl)Cl
CAS:32774-16-6	36231	CAS:32774-16-6	3,3',4,4',5,5'-Hexachlorobiphenyl	1,2,3-trichloro-5-(3,4,5-trichlorophenyl)benzene	ZHLICBPIXDOFFG-UHFFFAOYSA-N	InChI=1S/C12H4Cl6/c13-7-1-5(2-8(14)11(7)17)6-3-9(15)12(18)10(16)4-6/h1-4H	C1=C(C=C(C(=C1Cl)Cl)Cl)C2=CC(=C(C(=C2)Cl)Cl)Cl
CAS:1163-19-5	14410	CAS:1163-19-5	Decabromodiphenyl oxide	1,2,3,4,5-pentabromo-6-(2,3,4,5,6-pentabromophenoxy)benzene	WHHGLZMJPXIBIX-UHFFFAOYSA-N	InChI=1S/C12Br10O/c13-1-3(15)7(19)11(8(20)4(1)16)23-12-9(21)5(17)2(14)6(18)10(12)22	C1(=C(C(=C(C(=C1Br)Br)Br)Br)Br)OC2=C(C(=C(C(=C2Br)Br)Br)Br)Br
CAS:101-84-8	7583	CAS:101-84-8	Diphenyl ether	phenoxybenzene	USIUVYZYUHIAEV-UHFFFAOYSA-N	InChI=1S/C12H10O/c1-3-7-11(8-4-1)13-12-9-5-2-6-10-12/h1-10H	C1=CC=C(C=C1)OC2=CC=CC=C2
CAS:193-39-5	9131	CAS:193-39-5	Indeno[1,2,3-cd]pyrene	hexacyclo[16.3.1.02,7.08,21.011,20.014,19]docosa-1(22),2,4,6,8(21),9,11(20),12,14(19),15,17-undecaene	SXQBHARYMNFBPS-UHFFFAOYSA-N	InChI=1S/C22H12/c1-2-7-17-16(6-1)18-11-10-14-9-8-13-4-3-5-15-12-19(17)22(18)21(14)20(13)15/h1-12H	C1=CC=C2C(=C1)C3=C4C2=CC5=CC=CC6=C5C4=C(C=C6)C=C3
CAS:191-24-2	9117	CAS:191-24-2	Benzo[ghi]perylene	hexacyclo[12.8.0.02,11.03,8.04,21.017,22]docosa-1(14),2(11),3(8),4,6,9,12,15,17(22),18,20-undecaene	GYFAGKUZYNFMBN-UHFFFAOYSA-N	InChI=1S/C22H12/c1-3-13-7-9-15-11-12-16-10-8-14-4-2-6-18-17(5-1)19(13)21(15)22(16)20(14)18/h1-12H	C1=CC2=C3C(=C1)C4=CC=CC5=C4C6=C(C=C5)C=CC(=C36)C=C2
CAS:2385-85-5	16945	CAS:2385-85-5	Mirex	1,2,3,4,5,5,6,7,8,9,10,10-dodecachloropentacyclo[5.3.0.02,6.03,9.04,8]decane	GVYLCNUFSHDAAW-UHFFFAOYSA-N	InChI=1S/C10Cl12/c11-1-2(12)7(17)4(14)3(13,5(1,15)9(7,19)20)6(1,16)10(21,22)8(2,4)18	C12(C3(C4(C5(C3(C(C1(C5(C2(C4(Cl)Cl)Cl)Cl)Cl)(Cl)Cl)Cl)Cl)Cl)Cl)Cl
CAS:143-50-0	299	CAS:143-50-0	Chlordecone	1,2,3,4,6,7,8,9,10,10-decachloropentacyclo[5.3.0.02,6.03,9.04,8]decan-5-one	LHHGDZSESBACKH-UHFFFAOYSA-N	InChI=1S/C10Cl10O/c11-2-1(21)3(12)6(15)4(2,13)8(17)5(2,14)7(3,16)9(6,18)10(8,19)20	C1(=O)C2(C3(C4(C1(C5(C2(C3(C(C45Cl)(Cl)Cl)Cl)Cl)Cl)Cl)Cl)Cl)Cl
CAS:206-44-0	9154	CAS:206-44-0	Fluoranthene	fluoranthene	GVEPBJHOBDJJJI-UHFFFAOYSA-N	InChI=1S/C16H10/c1-2-8-13-12(7-1)14-9-3-5-11-6-4-10-15(13)16(11)14/h1-10H	C1=CC=C2C(=C1)C3=CC=CC4=C3C2=CC=C4
CAS:56-55-3	5954	CAS:56-55-3	Benz[a]anthracene	benzo[a]anthracene	DXBHBZVCASKNBY-UHFFFAOYSA-N	InChI=1S/C18H12/c1-2-7-15-12-18-16(11-14(15)6-1)10-9-13-5-3-4-8-17(13)18/h1-12H	C1=CC=C2C(=C1)C=CC3=CC4=CC=CC=C4C=C32
CAS:2306-33-4	75318	CAS:2306-33-4	Monoethyl phthalate	2-ethoxycarbonylbenzoic acid	YWWHKOHZGJFMIE-UHFFFAOYSA-N	InChI=1S/C10H10O4/c1-2-14-10(13)8-6-4-3-5-7(8)9(11)12/h3-6H,2H2,1H3,(H,11,12)	CCOC(=O)C1=CC=CC=C1C(=O)O
CAS:117-84-0	8346	CAS:117-84-0	Dioctyl phthalate	dioctyl benzene-1,2-dicarboxylate	MQIUGAXCHLFZKX-UHFFFAOYSA-N	InChI=1S/C24H38O4/c1-3-5-7-9-11-15-19-27-23(25)21-17-13-14-18-22(21)24(26)28-20-16-12-10-8-6-4-2/h13-14,17-18H,3-12,15-16,19-20H2,1-2H3	CCCCCCCCOC(=O)C1=CC=CC=C1C(=O)OCCCCCCCC
CAS:85-70-1	6819	CAS:85-70-1	Butoxycarbonylmethyl butyl phthalate	2-O-(2-butoxy-2-oxoethyl) 1-O-butyl benzene-1,2-dicarboxylate	GOJCZVPJCKEBQV-UHFFFAOYSA-N	InChI=1S/C18H24O6/c1-3-5-11-22-16(19)13-24-18(21)15-10-8-7-9-14(15)17(20)23-12-6-4-2/h7-10H,3-6,11-13H2,1-2H3	CCCCOC(=O)COC(=O)C1=CC=CC=C1C(=O)OCCCC
CAS:2528-16-7	31736	CAS:2528-16-7	Monobenzyl phthalate	2-phenylmethoxycarbonylbenzoic acid	XIKIUQUXDNHBFR-UHFFFAOYSA-N	InChI=1S/C15H12O4/c16-14(17)12-8-4-5-9-13(12)15(18)19-10-11-6-2-1-3-7-11/h1-9H,10H2,(H,16,17)	C1=CC=C(C=C1)COC(=O)C2=CC=CC=C2C(=O)O
CAS:85-68-7	2347	CAS:85-68-7	Benzyl butyl phthalate	2-O-benzyl 1-O-butyl benzene-1,2-dicarboxylate	IRIAEXORFWYRCZ-UHFFFAOYSA-N	InChI=1S/C19H20O4/c1-2-3-13-22-18(20)16-11-7-8-12-17(16)19(21)23-14-15-9-5-4-6-10-15/h4-12H,2-3,13-14H2,1H3	CCCCOC(=O)C1=CC=CC=C1C(=O)OCC2=CC=CC=C2
CAS:131-70-4	8575	CAS:131-70-4	Monobutyl phthalate	2-butoxycarbonylbenzoic acid	YZBOVSFWWNVKRJ-UHFFFAOYSA-N	InChI=1S/C12H14O4/c1-2-3-8-16-12(15)10-7-5-4-6-9(10)11(13)14/h4-7H,2-3,8H2,1H3,(H,13,14)	CCCCOC(=O)C1=CC=CC=C1C(=O)O
CAS:117-81-7	8343	CAS:117-81-7	Bis(2-ethylhexyl) phthalate	bis(2-ethylhexyl) benzene-1,2-dicarboxylate	BJQHLKABXJIVAM-UHFFFAOYSA-N	InChI=1S/C24H38O4/c1-5-9-13-19(7-3)17-27-23(25)21-15-11-12-16-22(21)24(26)28-18-20(8-4)14-10-6-2/h11-12,15-16,19-20H,5-10,13-14,17-18H2,1-4H3	CCCCC(CC)COC(=O)C1=CC=CC=C1C(=O)OCC(CC)CCCC
CAS:84-74-2	3026	CAS:84-74-2	Dibutyl phthalate	dibutyl benzene-1,2-dicarboxylate	DOIRQSBPFJWKBE-UHFFFAOYSA-N	InChI=1S/C16H22O4/c1-3-5-11-19-15(17)13-9-7-8-10-14(13)16(18)20-12-6-4-2/h7-10H,3-6,11-12H2,1-2H3	CCCCOC(=O)C1=CC=CC=C1C(=O)OCCCC
CAS:3648-21-3	19284	CAS:3648-21-3	Diheptyl phthalate	diheptyl benzene-1,2-dicarboxylate	JQCXWCOOWVGKMT-UHFFFAOYSA-N	InChI=1S/C22H34O4/c1-3-5-7-9-13-17-25-21(23)19-15-11-12-16-20(19)22(24)26-18-14-10-8-6-4-2/h11-12,15-16H,3-10,13-14,17-18H2,1-2H3	CCCCCCCOC(=O)C1=CC=CC=C1C(=O)OCCCCCCC
CAS:26761-40-0	33599	CAS:26761-40-0	Diisodecyl phthalate	bis(8-methylnonyl) benzene-1,2-dicarboxylate	ZVFDTKUVRCTHQE-UHFFFAOYSA-N	InChI=1S/C28H46O4/c1-23(2)17-11-7-5-9-15-21-31-27(29)25-19-13-14-20-26(25)28(30)32-22-16-10-6-8-12-18-24(3)4/h13-14,19-20,23-24H,5-12,15-18,21-22H2,1-4H3	CC(C)CCCCCCCOC(=O)C1=CC=CC=C1C(=O)OCCCCCCCC(C)C
CAS:131-11-3	8554	CAS:131-11-3	Dimethyl phthalate	dimethyl benzene-1,2-dicarboxylate	NIQCNGHVCWTJSM-UHFFFAOYSA-N	InChI=1S/C10H10O4/c1-13-9(11)7-5-3-4-6-8(7)10(12)14-2/h3-6H,1-2H3	COC(=O)C1=CC=CC=C1C(=O)OC
CAS:68515-48-0	590836	CAS:68515-48-0	Diisononyl phthalate	bis(7-methyloctyl) benzene-1,2-dicarboxylate	HBGGXOJOCNVPFY-UHFFFAOYSA-N	InChI=1S/C26H42O4/c1-21(2)15-9-5-7-13-19-29-25(27)23-17-11-12-18-24(23)26(28)30-20-14-8-6-10-16-22(3)4/h11-12,17-18,21-22H,5-10,13-16,19-20H2,1-4H3	CC(C)CCCCCCOC(=O)C1=CC=CC=C1C(=O)OCCCCCCC(C)C
CAS:40321-99-1	170295	CAS:40321-99-1	Mono(2-ethyl-5-hydroxyhexyl) phthalate	2-(2-ethyl-5-hydroxyhexoxy)carbonylbenzoic acid	RYPQSGURZSTFSX-UHFFFAOYSA-N	InChI=1S/C16H22O5/c1-3-12(9-8-11(2)17)10-21-16(20)14-7-5-4-6-13(14)15(18)19/h4-7,11-12,17H,3,8-10H2,1-2H3,(H,18,19)	CCC(CCC(C)O)COC(=O)C1=CC=CC=C1C(=O)O
CAS:40321-98-0	119096	CAS:40321-98-0	Mono(2-ethyl-5-oxohexyl)phthalate	2-(2-ethyl-5-oxohexoxy)carbonylbenzoic acid	HCWNFKHKKHNSSL-UHFFFAOYSA-N	InChI=1S/C16H20O5/c1-3-12(9-8-11(2)17)10-21-16(20)14-7-5-4-6-13(14)15(18)19/h4-7,12H,3,8-10H2,1-2H3,(H,18,19)	CCC(CCC(=O)C)COC(=O)C1=CC=CC=C1C(=O)O
CAS:30833-53-5	92272	CAS:30833-53-5	Monoisobutyl phthalate	2-(2-methylpropoxycarbonyl)benzoic acid	RZJSUWQGFCHNFS-UHFFFAOYSA-N	InChI=1S/C12H14O4/c1-8(2)7-16-12(15)10-6-4-3-5-9(10)11(13)14/h3-6,8H,7H2,1-2H3,(H,13,14)	CC(C)COC(=O)C1=CC=CC=C1C(=O)O
CAS:40809-41-4	148386	CAS:40809-41-4	2-Ethyl-5-carboxypentyl phthalate	2-(5-carboxy-2-ethylpentoxy)carbonylbenzoic acid	XFGRNAPKLGXDGF-UHFFFAOYSA-N	InChI=1S/C16H20O6/c1-2-11(6-5-9-14(17)18)10-22-16(21)13-8-4-3-7-12(13)15(19)20/h3-4,7-8,11H,2,5-6,9-10H2,1H3,(H,17,18)(H,19,20)	CCC(CCCC(=O)O)COC(=O)C1=CC=CC=C1C(=O)O
CAS:4376-18-5	20392	CAS:4376-18-5	2-(Methoxycarbonyl)benzoic acid	2-methoxycarbonylbenzoic acid	FNJSWIPFHMKRAT-UHFFFAOYSA-N	InChI=1S/C9H8O4/c1-13-9(12)7-5-3-2-4-6(7)8(10)11/h2-5H,1H3,(H,10,11)	COC(=O)C1=CC=CC=C1C(=O)O
CAS:218-01-9	9171	CAS:218-01-9	Chrysene	chrysene	WDECIBYCCFPHNR-UHFFFAOYSA-N	InChI=1S/C18H12/c1-3-7-15-13(5-1)9-11-18-16-8-4-2-6-14(16)10-12-17(15)18/h1-12H	C1=CC=C2C(=C1)C=CC3=C2C=CC4=CC=CC=C43
CAS:91-64-5	323	CAS:91-64-5	Coumarin	chromen-2-one	ZYGHJZDHTFUPRJ-UHFFFAOYSA-N	InChI=1S/C9H6O2/c10-9-6-5-7-3-1-2-4-8(7)11-9/h1-6H	C1=CC=C2C(=C1)C=CC(=O)O2
CAS:95-50-1	7239	CAS:95-50-1	1,2-Dichlorobenzene	1,2-dichlorobenzene	RFFLAFLAYFXFSW-UHFFFAOYSA-N	InChI=1S/C6H4Cl2/c7-5-3-1-2-4-6(5)8/h1-4H	C1=CC=C(C(=C1)Cl)Cl
CAS:83-32-9	6734	CAS:83-32-9	Acenaphthene	1,2-dihydroacenaphthylene	CWRYPZZKDGJXCA-UHFFFAOYSA-N	InChI=1S/C12H10/c1-3-9-4-2-6-11-8-7-10(5-1)12(9)11/h1-6H,7-8H2	C1CC2=CC=CC3=C2C1=CC=C3
CAS:182346-21-0	177368	CAS:182346-21-0	2,2',3,4,4'-Pentabromodiphenyl ether	1,2,3-tribromo-4-(2,4-dibromophenoxy)benzene	DMLQSUZPTTUUDP-UHFFFAOYSA-N	InChI=1S/C12H5Br5O/c13-6-1-3-9(8(15)5-6)18-10-4-2-7(14)11(16)12(10)17/h1-5H	C1=CC(=C(C=C1Br)Br)OC2=C(C(=C(C=C2)Br)Br)Br
CAS:634-66-2	12463	CAS:634-66-2	1,2,3,4-Tetrachlorobenzene	1,2,3,4-tetrachlorobenzene	GBDZXPJXOMHESU-UHFFFAOYSA-N	InChI=1S/C6H2Cl4/c7-3-1-2-4(8)6(10)5(3)9/h1-2H	C1=CC(=C(C(=C1Cl)Cl)Cl)Cl
CAS:124-96-9	2087	CAS:124-96-9	Aldrin	1,8,9,10,11,11-hexachlorotetracyclo[6.2.1.13,6.02,7]dodeca-4,9-diene	QBYJBZPUGVGKQQ-UHFFFAOYSA-N	InChI=1S/C12H8Cl6/c13-8-9(14)11(16)7-5-2-1-4(3-5)6(7)10(8,15)12(11,17)18/h1-2,4-7H,3H2	C1C2C=CC1C3C2C4(C(=C(C3(C4(Cl)Cl)Cl)Cl)Cl)Cl
CAS:608-93-5	11855	CAS:608-93-5	Pentachlorobenzene	1,2,3,4,5-pentachlorobenzene	CEOCDNVZRAIOQZ-UHFFFAOYSA-N	InChI=1S/C6HCl5/c7-2-1-3(8)5(10)6(11)4(2)9/h1H	C1=C(C(=C(C(=C1Cl)Cl)Cl)Cl)Cl
CAS:58-89-9	727	CAS:58-89-9	Lindane	Lindane	JLYXXMFPNIAWKQ-GNIYUCBRSA-N	InChI=1S/C6H6Cl6/c7-1-2(8)4(10)6(12)5(11)3(1)9/h1-6H/t1-,2-,3-,4+,5+,6+	Cl[C@@H]1[C@H](Cl)
CAS:58877-88-6	108177	CAS:58877-88-6	Hexachloronaphthalene	1,2,3,4,5,6-hexachloronaphthalene	CTLMCQOGOWNFHA-UHFFFAOYSA-N	InChI=1S/C10H2Cl6/c11-4-2-1-3-5(7(4)13)8(14)10(16)9(15)6(3)12/h1-2H	C1=CC(=C(C2=C1C(=C(C(=C2Cl)Cl)Cl)Cl)Cl)Cl
CAS:3734-49-4	19520	CAS:3734-49-4	Nonachlor	1,3,4,5,7,8,9,10,10-nonachlorotricyclo[5.2.1.02,6]dec-8-ene	OCHOKXCPKDPNQU-UHFFFAOYSA-N	InChI=1S/C10H5Cl9/c11-3-1-2(4(12)5(3)13)9(17)7(15)6(14)8(1,16)10(9,18)19/h1-5H	C12C(C(C(C1Cl)Cl)Cl)C3(C(=C(C2(C3(Cl)Cl)Cl)Cl)Cl)Cl
CAS:67562-39-4	38199	CAS:67562-39-4	1,2,3,4,6,7,8-Heptachlorodibenzofuran	1,2,3,4,6,7,8-heptachlorodibenzofuran	WDMKCPIVJOGHBF-UHFFFAOYSA-N	InChI=1S/C12HCl7O/c13-3-1-2-4-6(15)7(16)8(17)10(19)12(4)20-11(2)9(18)5(3)14/h1H	C1=C2C3=C(C(=C(C(=C3Cl)Cl)Cl)Cl)OC2=C(C(=C1Cl)Cl)Cl
CAS:35822-46-9	37270	CAS:35822-46-9	1,2,3,4,6,7,8-Heptachlorodibenzo-P-dioxin	1,2,3,4,6,7,8-heptachlorodibenzo-p-dioxin	WCLNVRQZUKYVAI-UHFFFAOYSA-N	InChI=1S/C12HCl7O2/c13-2-1-3-10(7(17)4(2)14)21-12-9(19)6(16)5(15)8(18)11(12)20-3/h1H	C1=C2C(=C(C(=C1Cl)Cl)Cl)OC3=C(O2)C(=C(C(=C3Cl)Cl)Cl)Cl
CAS:3268-87-9	18636	CAS:3268-87-9	OCTACHLORODIBENZO-p-DIOXIN	1,2,3,4,6,7,8,9-octachlorodibenzo-p-dioxin	FOIBFBMSLDGNHL-UHFFFAOYSA-N	InChI=1S/C12Cl8O2/c13-1-2(14)6(18)10-9(5(1)17)21-11-7(19)3(15)4(16)8(20)12(11)22-10	C12=C(C(=C(C(=C1Cl)Cl)Cl)Cl)OC3=C(O2)C(=C(C(=C3Cl)Cl)Cl)Cl
CAS:39001-02-0	38200	CAS:39001-02-0	Octachlorodibenzofuran	1,2,3,4,6,7,8,9-octachlorodibenzofuran	RHIROFAGUQOFLU-UHFFFAOYSA-N	InChI=1S/C12Cl8O/c13-3-1-2-4(14)6(16)8(18)10(20)12(2)21-11(1)9(19)7(17)5(3)15	C12=C(C(=C(C(=C1Cl)Cl)Cl)Cl)OC3=C2C(=C(C(=C3Cl)Cl)Cl)Cl
CAS:115-29-7	3224	CAS:115-29-7	Endosulfan	1,9,10,11,12,12-hexachloro-4,6-dioxa-5lambda4-thiatricyclo[7.2.1.02,8]dodec-10-ene 5-oxide	RDYMFSUJUZBWLH-UHFFFAOYSA-N	InChI=1S/C9H6Cl6O3S/c10-5-6(11)8(13)4-2-18-19(16)17-1-3(4)7(5,12)9(8,14)15/h3-4H,1-2H2	C1C2C(COS(=O)O1)C3(C(=C(C2(C3(Cl)Cl)Cl)Cl)Cl)Cl
CAS:70648-26-9	51130	CAS:70648-26-9	1,2,3,4,7,8-Hexachlorodibenzofuran	1,2,3,4,7,8-hexachlorodibenzofuran	LVYBAQIVPKCOEE-UHFFFAOYSA-N	InChI=1S/C12H2Cl6O/c13-4-1-3-6(2-5(4)14)19-12-7(3)8(15)9(16)10(17)11(12)18/h1-2H	C1=C2C(=CC(=C1Cl)Cl)OC3=C2C(=C(C(=C3Cl)Cl)Cl)Cl
CAS:39227-28-6	38251	CAS:39227-28-6	1,2,3,4,7,8-Hexachlorodibenzo-P-dioxin	1,2,3,4,7,8-hexachlorodibenzo-p-dioxin	WCYYQNSQJHPVMG-UHFFFAOYSA-N	InChI=1S/C12H2Cl6O2/c13-3-1-5-6(2-4(3)14)20-12-10(18)8(16)7(15)9(17)11(12)19-5/h1-2H	C1=C2C(=CC(=C1Cl)Cl)OC3=C(O2)C(=C(C(=C3Cl)Cl)Cl)Cl
CAS:634-90-2	12468	CAS:634-90-2	1,2,3,5-Tetrachlorobenzene	1,2,3,5-tetrachlorobenzene	QZYNWJQFTJXIRN-UHFFFAOYSA-N	InChI=1S/C6H2Cl4/c7-3-1-4(8)6(10)5(9)2-3/h1-2H	C1=C(C=C(C(=C1Cl)Cl)Cl)Cl
CAS:133-06-2	8606	CAS:133-06-2	Captan	2-(trichloromethylsulfanyl)-3a,4,7,7a-tetrahydroisoindole-1,3-dione	LDVVMCZRFWMZSG-UHFFFAOYSA-N	InChI=1S/C9H8Cl3NO2S/c10-9(11,12)16-13-7(14)5-3-1-2-4-6(5)8(13)15/h1-2,5-6H,3-4H2	C1C=CCC2C1C(=O)N(C2=O)SC(Cl)(Cl)Cl
CAS:57653-85-7	42540	CAS:57653-85-7	1,2,3,6,7,8-Hexachlorodibenzo-P-dioxin	1,2,3,6,7,8-hexachlorodibenzo-p-dioxin	YCLUIPQDHHPDJJ-UHFFFAOYSA-N	InChI=1S/C12H2Cl6O2/c13-3-1-5-11(9(17)7(3)15)20-6-2-4(14)8(16)10(18)12(6)19-5/h1-2H	C1=C2C(=C(C(=C1Cl)Cl)Cl)OC3=CC(=C(C(=C3O2)Cl)Cl)Cl
CAS:57117-44-9	42140	CAS:57117-44-9	1,2,3,6,7,8-Hexachlorodibenzofuran	1,2,3,6,7,8-hexachlorodibenzofuran	JEYJJJXOFWNEHN-UHFFFAOYSA-N	InChI=1S/C12H2Cl6O/c13-4-1-3-7-6(2-5(14)8(15)10(7)17)19-12(3)11(18)9(4)16/h1-2H	C1=C2C3=C(C(=C(C=C3OC2=C(C(=C1Cl)Cl)Cl)Cl)Cl)Cl
CAS:40321-76-4	38439	CAS:40321-76-4	1,2,3,7,8-Pentachlorodibenzo-P-dioxin	1,2,3,7,8-pentachlorodibenzo-p-dioxin	FSPZPQQWDODWAU-UHFFFAOYSA-N	InChI=1S/C12H3Cl5O2/c13-4-1-7-8(2-5(4)14)19-12-9(18-7)3-6(15)10(16)11(12)17/h1-3H	C1=C2C(=CC(=C1Cl)Cl)OC3=C(C(=C(C=C3O2)Cl)Cl)Cl
CAS:57117-41-6	42138	CAS:57117-41-6	1,2,3,7,8-Pentachlorodibenzofuran	1,2,3,7,8-pentachlorodibenzofuran	SBMIVUVRFPGOEB-UHFFFAOYSA-N	InChI=1S/C12H3Cl5O/c13-5-1-4-8(2-6(5)14)18-9-3-7(15)11(16)12(17)10(4)9/h1-3H	C1=C2C(=CC(=C1Cl)Cl)OC3=CC(=C(C(=C23)Cl)Cl)Cl
CAS:19408-74-3	29575	CAS:19408-74-3	1,2,3,7,8,9-Hexachlorodibenzo-P-dioxin	1,2,3,7,8,9-hexachlorodibenzo-p-dioxin	LGIRBUBHIWTVCK-UHFFFAOYSA-N	InChI=1S/C12H2Cl6O2/c13-3-1-5-11(9(17)7(3)15)20-12-6(19-5)2-4(14)8(16)10(12)18/h1-2H	C1=C2C(=C(C(=C1Cl)Cl)Cl)OC3=C(C(=C(C=C3O2)Cl)Cl)Cl
CAS:72918-21-9	51720	CAS:72918-21-9	1,2,3,7,8,9-Hexachlorodibenzofuran	1,2,3,7,8,9-hexachlorodibenzofuran	PYUSJFJVDVSXIU-UHFFFAOYSA-N	InChI=1S/C12H2Cl6O/c13-3-1-5-7(11(17)9(3)15)8-6(19-5)2-4(14)10(16)12(8)18/h1-2H	C1=C2C(=C(C(=C1Cl)Cl)Cl)C3=C(C(=C(C=C3O2)Cl)Cl)Cl
CAS:60348-60-9	36159	CAS:60348-60-9	2,2',4,4',5-Pentabromodiphenyl ether	2,2',4,4',5-Pentabromodiphenyl ether	WHPVYXDFIXRKLN-UHFFFAOYSA-N	InChI=1S/C12H5Br5O/c13-6-1-2-11(9(16)3-6)18-12-5-8(15)7(14)4-10(12)17/h1-5H	Brc1ccc(Oc2cc(Br)
CAS:120-82-1	13	CAS:120-82-1	1,2,4-Trichlorobenzene	1,2,4-trichlorobenzene	PBKONEOXTCPAFI-UHFFFAOYSA-N	InChI=1S/C6H3Cl3/c7-4-1-2-5(8)6(9)3-4/h1-3H	C1=CC(=C(C=C1Cl)Cl)Cl
CAS:95-63-6	7247	CAS:95-63-6	1,2,4-Trimethylbenzene	1,2,4-trimethylbenzene	GWHJZXXIDMPWGX-UHFFFAOYSA-N	InChI=1S/C9H12/c1-7-4-5-8(2)9(3)6-7/h4-6H,1-3H3	CC1=CC(=C(C=C1)C)C
CAS:13674-87-8	26177	CAS:13674-87-8	Tris(1,3-dichloro-2-propyl)phosphate	tris(1,3-dichloropropan-2-yl) phosphate	ASLWPAWFJZFCKF-UHFFFAOYSA-N	InChI=1S/C9H15Cl6O4P/c10-1-7(2-11)17-20(16,18-8(3-12)4-13)19-9(5-14)6-15/h7-9H,1-6H2	C(C(CCl)OP(=O)(OC(CCl)CCl)OC(CCl)CCl)Cl
CAS:142-28-9	8881	CAS:142-28-9	1,3-Dichloropropane	1,3-dichloropropane	YHRUOJUYPBUZOS-UHFFFAOYSA-N	InChI=1S/C3H6Cl2/c4-2-1-3-5/h1-3H2	C(CCl)CCl
CAS:108-38-3	7929	CAS:108-38-3	M-Xylene	1,3-xylene	IVSZLXZYQVIEFR-UHFFFAOYSA-N	InChI=1S/C8H10/c1-7-4-3-5-8(2)6-7/h3-6H,1-2H3	CC1=CC(=CC=C1)C
CAS:1222-05-5	91497	CAS:1222-05-5	Galaxolide	4,6,6,7,8,8-hexamethyl-1,3,4,7-tetrahydrocyclopenta[g]isochromene	ONKNPOPIGWHAQC-UHFFFAOYSA-N	InChI=1S/C18H26O/c1-11-9-19-10-13-7-15-16(8-14(11)13)18(5,6)12(2)17(15,3)4/h7-8,11-12H,9-10H2,1-6H3	CC1COCC2=CC3=C(C=C12)C(C(C3(C)C)C)(C)C
CAS:189084-64-8	154083	CAS:189084-64-8	1,3,5-Tribromo-2-(2,4-dibromophenoxy)benzene	1,3,5-tribromo-2-(2,4-dibromophenoxy)benzene	NSKIRYMHNFTRLR-UHFFFAOYSA-N	InChI=1S/C12H5Br5O/c13-6-1-2-11(8(15)3-6)18-12-9(16)4-7(14)5-10(12)17/h1-5H	C1=CC(=C(C=C1Br)Br)OC2=C(C=C(C=C2Br)Br)Br
CAS:108-70-3	7950	CAS:108-70-3	1,3,5-Trichlorobenzene	1,3,5-trichlorobenzene	XKEFYDZQGKAQCN-UHFFFAOYSA-N	InChI=1S/C6H3Cl3/c7-4-1-5(8)3-6(9)2-4/h1-3H	C1=C(C=C(C=C1Cl)Cl)Cl
CAS:108-67-8	7947	CAS:108-67-8	Mesitylene	1,3,5-trimethylbenzene	AUHZEENZYGFFBQ-UHFFFAOYSA-N	InChI=1S/C9H12/c1-7-4-8(2)6-9(3)5-7/h4-6H,1-3H3	CC1=CC(=CC(=C1)C)C
CAS:58-08-2	2519	CAS:58-08-2	Caffeine	1,3,7-trimethylpurine-2,6-dione	RYYVLZVUVIJVGH-UHFFFAOYSA-N	InChI=1S/C8H10N4O2/c1-10-4-9-6-5(10)7(13)12(3)8(14)11(6)2/h4H,1-3H3	CN1C=NC2=C1C(=O)N(C(=O)N2C)C
CAS:50585-46-1	39732	CAS:50585-46-1	1,3,7,8-Tetrachlorodibenzo-P-dioxin	1,3,7,8-tetrachlorodibenzo-p-dioxin	VPTDIAYLYJBYQG-UHFFFAOYSA-N	InChI=1S/C12H4Cl4O2/c13-5-1-8(16)12-11(2-5)17-9-3-6(14)7(15)4-10(9)18-12/h1-4H	C1=C(C=C(C2=C1OC3=CC(=C(C=C3O2)Cl)Cl)Cl)Cl
CAS:106-46-7	4685	CAS:106-46-7	1,4-Dichlorobenzene	1,4-dichlorobenzene	OCJBOOLMMGQPQU-UHFFFAOYSA-N	InChI=1S/C6H4Cl2/c7-5-1-2-6(8)4-3-5/h1-4H	C1=CC(=CC=C1Cl)Cl
CAS:76-44-8	3589	CAS:76-44-8	Heptachlor	1,5,7,8,9,10,10-heptachlorotricyclo[5.2.1.02,6]deca-3,8-diene	FRCCEHPWNOQAEU-UHFFFAOYSA-N	InChI=1S/C10H5Cl7/c11-4-2-1-3-5(4)9(15)7(13)6(12)8(3,14)10(9,16)17/h1-5H	C1=CC(C2C1C3(C(=C(C2(C3(Cl)Cl)Cl)Cl)Cl)Cl)Cl
CAS:1024-57-3	13930	CAS:1024-57-3	Heptachlor epoxide	1,6,8,9,10,11,11-heptachloro-4-oxatetracyclo[6.2.1.02,7.03,5]undec-9-ene	ZXFXBSWRVIQKOD-UHFFFAOYSA-N	InChI=1S/C10H5Cl7O/c11-3-1-2(4-5(3)18-4)9(15)7(13)6(12)8(1,14)10(9,16)17/h1-5H	C12C(C(C3C1O3)Cl)C4(C(=C(C2(C4(Cl)Cl)Cl)Cl)Cl)Cl
CAS:128-10-9	3048	CAS:128-10-9	Endrin	3,4,5,6,13,13-hexachloro-10-oxapentacyclo[6.3.1.13,6.02,7.09,11]tridec-4-ene	DFBKLUNHFCTMDC-UHFFFAOYSA-N	InChI=1S/C12H8Cl6O/c13-8-9(14)11(16)5-3-1-2(6-7(3)19-6)4(5)10(8,15)12(11,17)18/h2-7H,1H2	C1C2C3C(C1C4C2O4)C5(C(=C(C3(C5(Cl)Cl)Cl)Cl)Cl)Cl
CAS:13560-89-9	26111	CAS:13560-89-9	Dechlorane plus	1,6,7,8,9,14,15,16,17,17,18,18-dodecachloropentacyclo[12.2.1.16,9.02,13.05,10]octadeca-7,15-diene	UGQQAJOWXNCOPY-UHFFFAOYSA-N	InChI=1S/C18H12Cl12/c19-9-10(20)15(25)7-3-4-8-6(2-1-5(7)13(9,23)17(15,27)28)14(24)11(21)12(22)16(8,26)18(14,29)30/h5-8H,1-4H2	C1CC2C(CCC3C1C4(C(=C(C3(C4(Cl)Cl)Cl)Cl)Cl)Cl)C5(C(=C(C2(C5(Cl)Cl)Cl)Cl)Cl)Cl
CAS:29907-56-0	153001	CAS:29907-56-0	9,12,13-Trihydroxyoctadec-10-enoic acid	9,12,13-trihydroxyoctadec-10-enoic acid	MDIUMSLCYIJBQC-UHFFFAOYSA-N	InChI=1S/C18H34O5/c1-2-3-7-11-16(20)17(21)14-13-15(19)10-8-5-4-6-9-12-18(22)23/h13-17,19-21H,2-12H2,1H3,(H,22,23)	CCCCCC(C(C=CC(CCCCCCCC(=O)O)O)O)O
CAS:15514-85-9	5282945	CAS:15514-85-9	Dimorphecolic acid	(10E,12E)-9-hydroxyoctadeca-10,12-dienoic acid	NPDSHTNEKLQQIJ-SIGMCMEVSA-N	InChI=1S/C18H32O3/c1-2-3-4-5-6-8-11-14-17(19)15-12-9-7-10-13-16-18(20)21/h6,8,11,14,17,19H,2-5,7,9-10,12-13,15-16H2,1H3,(H,20,21)/b8-6+,14-11+	CCCCCC=CC=CC(CCCCCCCC(=O)O)O
CAS:54665-32-6	5283011	CAS:54665-32-6	9-Oxo-10,12-octadecadienoic acid	(10E,12E)-9-oxooctadeca-10,12-dienoic acid	LUZSWWYKKLTDHU-SIGMCMEVSA-N	InChI=1S/C18H30O3/c1-2-3-4-5-6-8-11-14-17(19)15-12-9-7-10-13-16-18(20)21/h6,8,11,14H,2-5,7,9-10,12-13,15-16H2,1H3,(H,20,21)/b8-6+,14-11+	CCCCCC=CC=CC(=O)CCCCCCCC(=O)O
CAS:5561-99-9	5282768	CAS:5561-99-9	11-Eicosenoic acid	(Z)-icos-11-enoic acid	BITHHVVYSMSWAG-KTKRTIGZSA-N	InChI=1S/C20H38O2/c1-2-3-4-5-6-7-8-9-10-11-12-13-14-15-16-17-18-19-20(21)22/h9-10H,2-8,11-19H2,1H3,(H,21,22)/b10-9-	CCCCCCCCC=CCCCCCCCCCC(=O)O
CAS:207-08-9	9158	CAS:207-08-9	Benzo[k]fluoranthene	benzo[k]fluoranthene	HAXBIWFMXWRORI-UHFFFAOYSA-N	InChI=1S/C20H12/c1-2-6-15-12-19-17-10-4-8-13-7-3-9-16(20(13)17)18(19)11-14(15)5-1/h1-12H	C1=CC=C2C=C3C4=CC=CC5=C4C(=CC=C5)C3=CC2=C1
CAS:5598-38-9	6439848	CAS:5598-38-9	Eicosadienoic acid	(11Z,14Z)-icosa-11,14-dienoic acid	XSXIVVZCUAHUJO-HZJYTTRNSA-N	InChI=1S/C20H36O2/c1-2-3-4-5-6-7-8-9-10-11-12-13-14-15-16-17-18-19-20(21)22/h6-7,9-10H,2-5,8,11-19H2,1H3,(H,21,22)/b7-6-,10-9-	CCCCCC=CCC=CCCCCCCCCCC(=O)O
CAS:59985-28-3	1413	CAS:59985-28-3	12-Hydroxyicosa-5,8,10,14-tetraenoic acid	12-hydroxyicosa-5,8,10,14-tetraenoic acid	ZNHVWPKMFKADKW-UHFFFAOYSA-N	InChI=1S/C20H32O3/c1-2-3-4-5-10-13-16-19(21)17-14-11-8-6-7-9-12-15-18-20(22)23/h7-11,13-14,17,19,21H,2-6,12,15-16,18H2,1H3,(H,22,23)	CCCCCC=CCC(C=CC=CCC=CCCCC(=O)O)O
CAS:13018-46-7	6440310	CAS:13018-46-7	13-cis-Lycopene	(6E,8E,10E,12E,14E,16E,18Z,20E,22E,24E,26E)-2,6,10,14,19,23,27,31-octamethyldotriaconta-2,6,8,10,12,14,16,18,20,22,24,26,30-tridecaene	OAIJSZIZWZSQBC-FZXCKFLSSA-N	InChI=1S/C40H56/c1-33(2)19-13-23-37(7)27-17-31-39(9)29-15-25-35(5)21-11-12-22-36(6)26-16-30-40(10)32-18-28-38(8)24-14-20-34(3)4/h11-12,15-22,25-32H,13-14,23-24H2,1-10H3/b12-11+,25-15+,26-16+,31-17+,32-18+,35-21-,36-22+,37-27+,38-28+,39-29+,40-30+	CC(=CCCC(=CC=CC(=CC=CC(=CC=CC=C(C)C=CC=C(C)C=CC=C(C)CCC=C(C)C)C)C)C)C
CAS:7370-49-2	5282807	CAS:7370-49-2	13,16-Docosadienoic acid	(13E,16E)-docosa-13,16-dienoic acid	HVGRZDASOHMCSK-AVQMFFATSA-N	InChI=1S/C22H40O2/c1-2-3-4-5-6-7-8-9-10-11-12-13-14-15-16-17-18-19-20-21-22(23)24/h6-7,9-10H,2-5,8,11-21H2,1H3,(H,23,24)/b7-6+,10-9+	CCCCCC=CCC=CCCCCCCCCCCCC(=O)O
CAS:5204-88-6	5282948	CAS:5204-88-6	13-Hydroxy-9,11-octadecadienoic acid	(9E,11E)-13-hydroxyoctadeca-9,11-dienoic acid	HNICUWMFWZBIFP-KDFHGORWSA-N	InChI=1S/C18H32O3/c1-2-3-11-14-17(19)15-12-9-7-5-4-6-8-10-13-16-18(20)21/h7,9,12,15,17,19H,2-6,8,10-11,13-14,16H2,1H3,(H,20,21)/b9-7+,15-12+	CCCCCC(C=CC=CCCCCCCCC(=O)O)O
CAS:31385-09-8	5283012	CAS:31385-09-8	13-OxoODE	(9E,11E)-13-oxooctadeca-9,11-dienoic acid	JHXAZBBVQSRKJR-KDFHGORWSA-N	InChI=1S/C18H30O3/c1-2-3-11-14-17(19)15-12-9-7-5-4-6-8-10-13-16-18(20)21/h7,9,12,15H,2-6,8,10-11,13-14,16H2,1H3,(H,20,21)/b9-7+,15-12+	CCCCCC(=O)C=CC=CCCCCCCCC(=O)O
CAS:59092-07-8	6440363	CAS:59092-07-8	(15Z)-Lycopene	(6E,8E,10E,12E,14E,16Z,18E,20E,22E,24E,26E)-2,6,10,14,19,23,27,31-octamethyldotriaconta-2,6,8,10,12,14,16,18,20,22,24,26,30-tridecaene	OAIJSZIZWZSQBC-XKKDEUFYSA-N	InChI=1S/C40H56/c1-33(2)19-13-23-37(7)27-17-31-39(9)29-15-25-35(5)21-11-12-22-36(6)26-16-30-40(10)32-18-28-38(8)24-14-20-34(3)4/h11-12,15-22,25-32H,13-14,23-24H2,1-10H3/b12-11-,25-15+,26-16+,31-17+,32-18+,35-21+,36-22+,37-27+,38-28+,39-29+,40-30+	CC(=CCCC(=CC=CC(=CC=CC(=CC=CC=C(C)C=CC=C(C)C=CC=C(C)CCC=C(C)C)C)C)C)C
CAS:97850-14-1	1435	CAS:97850-14-1	15-Hydroxy-5,8,11,13,17-eicosapentaenoic acid	15-hydroxyicosa-5,8,11,13,17-pentaenoic acid	WLKCSMCLEKGITB-UHFFFAOYSA-N	InChI=1S/C20H30O3/c1-2-3-13-16-19(21)17-14-11-9-7-5-4-6-8-10-12-15-18-20(22)23/h3-5,8-11,13-14,17,19,21H,2,6-7,12,15-16,18H2,1H3,(H,22,23)	CCC=CCC(C=CC=CCC=CCC=CCCCC(=O)O)O
CAS:73945-47-8	5353283	CAS:73945-47-8	15-Hydroxy-5,8,11,13-eicosatetraenoic acid	(5E,8E,11E,13E)-15-hydroxyicosa-5,8,11,13-tetraenoic acid	JSFATNQSLKRBCI-NLORQXDXSA-N	InChI=1S/C20H32O3/c1-2-3-13-16-19(21)17-14-11-9-7-5-4-6-8-10-12-15-18-20(22)23/h4-5,8-11,14,17,19,21H,2-3,6-7,12-13,15-16,18H2,1H3,(H,22,23)/b5-4+,10-8+,11-9+,17-14+	CCCCCC(C=CC=CCC=CCC=CCCCC(=O)O)O
CAS:82451-61-4	133910	CAS:82451-61-4	15-Hydroxyicosa-2,4,6-trienoic acid	15-hydroxyicosa-2,4,6-trienoic acid	FPMGOQWJNUZGTC-UHFFFAOYSA-N	InChI=1S/C20H34O3/c1-2-3-13-16-19(21)17-14-11-9-7-5-4-6-8-10-12-15-18-20(22)23/h6,8,10,12,15,18-19,21H,2-5,7,9,11,13-14,16-17H2,1H3,(H,22,23)	CCCCCC(CCCCCCCC=CC=CC=CC(=O)O)O
CAS:81416-72-0	5280701	CAS:81416-72-0	15-Oxo-ETE	(5Z,8Z,11Z,13E)-15-oxoicosa-5,8,11,13-tetraenoic acid	YGJTUEISKATQSM-USWFWKISSA-N	InChI=1S/C20H30O3/c1-2-3-13-16-19(21)17-14-11-9-7-5-4-6-8-10-12-15-18-20(22)23/h4-5,8-11,14,17H,2-3,6-7,12-13,15-16,18H2,1H3,(H,22,23)/b5-4-,10-8-,11-9-,17-14+	CCCCCC(=O)C=CC=CCC=CCC=CCCCC(=O)O
CAS:506-37-6	5281120	CAS:506-37-6	Nervonic acid	(Z)-tetracos-15-enoic acid	GWHCXVQVJPWHRF-KTKRTIGZSA-N	InChI=1S/C24H46O2/c1-2-3-4-5-6-7-8-9-10-11-12-13-14-15-16-17-18-19-20-21-22-23-24(25)26/h9-10H,2-8,11-23H2,1H3,(H,25,26)/b10-9-	CCCCCCCCC=CCCCCCCCCCCCCCC(=O)O
CAS:90780-52-2	6439179	CAS:90780-52-2	17-HDoHE	(4Z,7Z,10Z,13Z,15E,19Z)-17-hydroxydocosa-4,7,10,13,15,19-hexaenoic acid	SWTYBBUBEPPYCX-VIIQGJSXSA-N	InChI=1S/C22H32O3/c1-2-3-15-18-21(23)19-16-13-11-9-7-5-4-6-8-10-12-14-17-20-22(24)25/h3,5-8,11-16,19,21,23H,2,4,9-10,17-18,20H2,1H3,(H,24,25)/b7-5-,8-6-,13-11-,14-12-,15-3-,19-16+	CCC=CCC(C=CC=CCC=CCC=CCC=CCCC(=O)O)O
CAS:111974-69-7	5002	CAS:111974-69-7	Quetiapine	2-[2-(4-benzo[b][1,4]benzothiazepin-6-ylpiperazin-1-yl)ethoxy]ethanol	URKOMYMAXPYINW-UHFFFAOYSA-N	InChI=1S/C21H25N3O2S/c25-14-16-26-15-13-23-9-11-24(12-10-23)21-17-5-1-3-7-19(17)27-20-8-4-2-6-18(20)22-21/h1-8,25H,9-16H2	C1CN(CCN1CCOCCO)C2=NC3=CC=CC=C3SC4=CC=CC=C42
CAS:16676-91-8	28558	CAS:16676-91-8	2-Amino-3-(methylamino)propanoic acid	2-amino-3-(methylamino)propanoic acid	UJVHVMNGOZXSOZ-UHFFFAOYSA-N	InChI=1S/C4H10N2O2/c1-6-2-3(5)4(7)8/h3,6H,2,5H2,1H3,(H,7,8)	CNCC(C(=O)O)N
CAS:147217-75-2	14274807	CAS:147217-75-2	2,2',4-Tribromodiphenyl ether	2,4-dibromo-1-(2-bromophenoxy)benzene	VYBFILXLBMWOLI-UHFFFAOYSA-N	InChI=1S/C12H7Br3O/c13-8-5-6-12(10(15)7-8)16-11-4-2-1-3-9(11)14/h1-7H	C1=CC=C(C(=C1)OC2=C(C=C(C=C2)Br)Br)Br
CAS:78-51-3	6540	CAS:78-51-3	Tris(2-butoxyethyl) phosphate	tris(2-butoxyethyl) phosphate	WTLBZVNBAKMVDP-UHFFFAOYSA-N	InChI=1S/C18H39O7P/c1-4-7-10-20-13-16-23-26(19,24-17-14-21-11-8-5-2)25-18-15-22-12-9-6-3/h4-18H2,1-3H3	CCCCOCCOP(=O)(OCCOCCCC)OCCOCCCC
CAS:110-43-0	8051	CAS:110-43-0	2-Heptanone	heptan-2-one	CATSNJVOTSVZJV-UHFFFAOYSA-N	InChI=1S/C7H14O/c1-3-4-5-6-7(2)8/h3-6H2,1-2H3	CCCCCC(=O)C
CAS:118-58-1	8363	CAS:118-58-1	Benzyl salicylate	benzyl 2-hydroxybenzoate	ZCTQGTTXIYCGGC-UHFFFAOYSA-N	InChI=1S/C14H12O3/c15-13-9-5-4-8-12(13)14(16)17-10-11-6-2-1-3-7-11/h1-9,15H,10H2	C1=CC=C(C=C1)COC(=O)C2=CC=CC=C2O
CAS:135-19-3	8663	CAS:135-19-3	2-Naphthol	naphthalen-2-ol	JWAZRIHNYRIHIV-UHFFFAOYSA-N	InChI=1S/C10H8O/c11-10-6-5-8-3-1-2-4-9(8)7-10/h1-7,11H	C1=CC=C2C=C(C=CC2=C1)O
CAS:623-42-7	12180	CAS:623-42-7	Methyl butyrate	methyl butanoate	UUIQMZJEGPQKFD-UHFFFAOYSA-N	InChI=1S/C5H10O2/c1-3-4-5(6)7-2/h3-4H2,1-2H3	CCCC(=O)OC
CAS:78-85-3	6562	CAS:78-85-3	Methacrolein	2-methylprop-2-enal	STNJBCKSHOAVAJ-UHFFFAOYSA-N	InChI=1S/C4H6O/c1-4(2)3-5/h3H,1H2,2H3	CC(=C)C=O
CAS:2921-88-2	2730	CAS:2921-88-2	Chlorpyrifos	diethoxy-sulfanylidene-(3,5,6-trichloropyridin-2-yl)oxy-lambda5-phosphane	SBPBAQFWLVIOKP-UHFFFAOYSA-N	InChI=1S/C9H11Cl3NO3PS/c1-3-14-17(18,15-4-2)16-9-7(11)5-6(10)8(12)13-9/h5H,3-4H2,1-2H3	CCOP(=S)(OCC)OC1=NC(=C(C=C1Cl)Cl)Cl
CAS:83242-23-3	158333	CAS:83242-23-3	Tert-Butylphenyl diphenyl phosphate	(2-tert-butylphenyl) diphenyl phosphate	VDIFKDMFGPIVCQ-UHFFFAOYSA-N	InChI=1S/C22H23O4P/c1-22(2,3)20-16-10-11-17-21(20)26-27(23,24-18-12-6-4-7-13-18)25-19-14-8-5-9-15-19/h4-17H,1-3H3	CC(C)(C)C1=CC=CC=C1OP(=O)(OC2=CC=CC=C2)OC3=CC=CC=C3
CAS:80-05-7	6623	CAS:80-05-7	Bisphenol A	4-[2-(4-hydroxyphenyl)propan-2-yl]phenol	IISBACLAFKSPIT-UHFFFAOYSA-N	InChI=1S/C15H16O2/c1-15(2,11-3-7-13(16)8-4-11)12-5-9-14(17)10-6-12/h3-10,16-17H,1-2H3	CC(C)(C1=CC=C(C=C1)O)C2=CC=C(C=C2)O
CAS:79-94-7	6618	CAS:79-94-7	Tetrabromobisphenol A	2,6-dibromo-4-[2-(3,5-dibromo-4-hydroxyphenyl)propan-2-yl]phenol	VEORPZCZECFIRK-UHFFFAOYSA-N	InChI=1S/C15H12Br4O2/c1-15(2,7-3-9(16)13(20)10(17)4-7)8-5-11(18)14(21)12(19)6-8/h3-6,20-21H,1-2H3	CC(C)(C1=CC(=C(C(=C1)Br)O)Br)C2=CC(=C(C(=C2)Br)O)Br
CAS:119-47-1	8398	CAS:119-47-1	2,2'-Methylenebis(4-methyl-6-tert-butylphenol)	2-tert-butyl-6-[(3-tert-butyl-2-hydroxy-5-methylphenyl)methyl]-4-methylphenol	KGRVJHAUYBGFFP-UHFFFAOYSA-N	InChI=1S/C23H32O2/c1-14-9-16(20(24)18(11-14)22(3,4)5)13-17-10-15(2)12-19(21(17)25)23(6,7)8/h9-12,24-25H,13H2,1-8H3	CC1=CC(=C(C(=C1)C(C)(C)C)O)CC2=C(C(=CC(=C2)C)C(C)(C)C)O
CAS:70-30-4	3598	CAS:70-30-4	Hexachlorophene	3,4,6-trichloro-2-[(2,3,5-trichloro-6-hydroxyphenyl)methyl]phenol	ACGUYXCXAPNIKK-UHFFFAOYSA-N	InChI=1S/C13H6Cl6O2/c14-6-2-8(16)12(20)4(10(6)18)1-5-11(19)7(15)3-9(17)13(5)21/h2-3,20-21H,1H2	C1=C(C(=C(C(=C1Cl)Cl)CC2=C(C(=CC(=C2Cl)Cl)Cl)O)O)Cl
CAS:86-73-7	6853	CAS:86-73-7	Fluorene	9H-fluorene	NIHNNTQXNPWCJQ-UHFFFAOYSA-N	InChI=1S/C13H10/c1-3-7-12-10(5-1)9-11-6-2-4-8-13(11)12/h1-8H,9H2	C1C2=CC=CC=C2C3=CC=CC=C31
CAS:437701-79-6	11018364	CAS:437701-79-6	2,2',3,3',4,4',5,6,6'-Nonabromodiphenyl ether	1,2,3,4,5-pentabromo-6-(2,3,4,6-tetrabromophenoxy)benzene	IEEVDIAVLGLVOW-UHFFFAOYSA-N	InChI=1S/C12HBr9O/c13-2-1-3(14)11(8(19)4(2)15)22-12-9(20)6(17)5(16)7(18)10(12)21/h1H	C1=C(C(=C(C(=C1Br)Br)Br)OC2=C(C(=C(C(=C2Br)Br)Br)Br)Br)Br
CAS:446255-39-6	71363036	CAS:446255-39-6	Benzene, 1,2,3,4-tetrabromo-5-(2,3,4,6-tetrabromophenoxy)-	1,2,3,4-tetrabromo-5-(2,3,4,6-tetrabromophenoxy)benzene	IEWFKOVTVJNWFF-UHFFFAOYSA-N	InChI=1S/C12H2Br8O/c13-3-1-5(15)12(11(20)8(3)17)21-6-2-4(14)7(16)10(19)9(6)18/h1-2H	C1=C(C(=C(C(=C1Br)Br)Br)Br)OC2=C(C(=C(C=C2Br)Br)Br)Br
CAS:117964-21-3	11967214	CAS:117964-21-3	2,2',3,3',4,4',6,6'-Octabromodiphenyl ether	1,2,3,5-tetrabromo-4-(2,3,4,6-tetrabromophenoxy)benzene	AAFUUKPTSPVXJH-UHFFFAOYSA-N	InChI=1S/C12H2Br8O/c13-3-1-5(15)11(9(19)7(3)17)21-12-6(16)2-4(14)8(18)10(12)20/h1-2H	C1=C(C(=C(C(=C1Br)Br)Br)OC2=C(C(=C(C=C2Br)Br)Br)Br)Br
CAS:437701-78-5	14149410	CAS:437701-78-5	2,2',3,3',4,5,5',6,6'-Nonabromodiphenyl ether	1,2,3,4,5-pentabromo-6-(2,3,5,6-tetrabromophenoxy)benzene	ASGZXYIDLFWXID-UHFFFAOYSA-N	InChI=1S/C12HBr9O/c13-2-1-3(14)5(16)11(4(2)15)22-12-9(20)7(18)6(17)8(19)10(12)21/h1H	C1=C(C(=C(C(=C1Br)Br)OC2=C(C(=C(C(=C2Br)Br)Br)Br)Br)Br)Br
CAS:446255-20-5	3034400	CAS:446255-20-5	Heptabromodiphenyl ether	1,2,3,4,5-pentabromo-6-(2,3-dibromophenoxy)benzene	NLBLNZDNOSSGPW-UHFFFAOYSA-N	InChI=1S/C12H3Br7O/c13-4-2-1-3-5(6(4)14)20-12-10(18)8(16)7(15)9(17)11(12)19/h1-3H	C1=CC(=C(C(=C1)Br)Br)OC2=C(C(=C(C(=C2Br)Br)Br)Br)Br
CAS:446255-50-1	72941822	CAS:446255-50-1	2,2',3,3',4,5',6,6'-Octabromodiphenyl ether	1,2,3,5-tetrabromo-4-(2,3,5,6-tetrabromophenoxy)benzene	HQWFMMKREWXIGN-UHFFFAOYSA-N	InChI=1S/C12H2Br8O/c13-3-2-6(16)11(10(20)7(3)17)21-12-8(18)4(14)1-5(15)9(12)19/h1-2H	C1=C(C(=C(C(=C1Br)Br)Br)OC2=C(C(=CC(=C2Br)Br)Br)Br)Br
CAS:67797-09-5	3290414	CAS:67797-09-5	2,2',3,3',5,5',6,6'-Octabromodiphenyl ether	1,2,4,5-tetrabromo-3-(2,3,5,6-tetrabromophenoxy)benzene	AHNZLQAZTWRRDW-UHFFFAOYSA-N	InChI=1S/C12H2Br8O/c13-3-1-4(14)8(18)11(7(3)17)21-12-9(19)5(15)2-6(16)10(12)20/h1-2H	C1=C(C(=C(C(=C1Br)Br)OC2=C(C(=CC(=C2Br)Br)Br)Br)Br)Br
CAS:337513-72-1	36160	CAS:337513-72-1	2,2',3,4,4',5,5',6-Octabromodiphenyl ether	1,2,3,4,5-pentabromo-6-(2,4,5-tribromophenoxy)benzene	RTUZOQFRIPIWPS-UHFFFAOYSA-N	InChI=1S/C12H2Br8O/c13-3-1-5(15)6(2-4(3)14)21-12-10(19)8(17)7(16)9(18)11(12)20/h1-2H	C1=C(C(=CC(=C1Br)Br)Br)OC2=C(C(=C(C(=C2Br)Br)Br)Br)Br
CAS:189084-67-1	16212144	CAS:189084-67-1	2,2',3,4,4',5,6-Heptabromodiphenyl ether	1,2,3,4,5-pentabromo-6-(2,4-dibromophenoxy)benzene	GVNRIAPLVGNZPL-UHFFFAOYSA-N	InChI=1S/C12H3Br7O/c13-4-1-2-6(5(14)3-4)20-12-10(18)8(16)7(15)9(17)11(12)19/h1-3H	C1=CC(=C(C=C1Br)Br)OC2=C(C(=C(C(=C2Br)Br)Br)Br)Br
CAS:207122-16-5	15509899	CAS:207122-16-5	2,2',3,4,4',5',6-Heptabromodiphenyl ether	1,2,3,5-tetrabromo-4-(2,4,5-tribromophenoxy)benzene	ILPSCQCLBHQUEM-UHFFFAOYSA-N	InChI=1S/C12H3Br7O/c13-4-1-6(15)9(3-5(4)14)20-12-8(17)2-7(16)10(18)11(12)19/h1-3H	C1=C(C(=CC(=C1Br)Br)Br)OC2=C(C(=C(C=C2Br)Br)Br)Br
CAS:117948-63-7	10930591	CAS:117948-63-7	Benzene, 1,2,3,5-tetrabromo-4-(2,4,6-tribromophenoxy)-	1,2,3,5-tetrabromo-4-(2,4,6-tribromophenoxy)benzene	JHDCZVAQPRXHEL-UHFFFAOYSA-N	InChI=1S/C12H3Br7O/c13-4-1-6(15)11(7(16)2-4)20-12-8(17)3-5(14)9(18)10(12)19/h1-3H	C1=C(C=C(C(=C1Br)OC2=C(C(=C(C=C2Br)Br)Br)Br)Br)Br
CAS:446255-03-4	37454	CAS:446255-03-4	Hexabromodiphenyl ethers	1,2,5-tribromo-3-(2,4,6-tribromophenoxy)benzene	OJMHGSMSQZEBFH-UHFFFAOYSA-N	InChI=1S/C12H4Br6O/c13-5-2-8(16)12(9(17)3-5)19-10-4-6(14)1-7(15)11(10)18/h1-4H	C1=C(C=C(C(=C1OC2=C(C=C(C=C2Br)Br)Br)Br)Br)Br
CAS:5436-43-1	95170	CAS:5436-43-1	2,2',4,4'-Tetrabromodiphenyl ether	2,4-dibromo-1-(2,4-dibromophenoxy)benzene	XYBSIYMGXVUVGY-UHFFFAOYSA-N	InChI=1S/C12H6Br4O/c13-7-1-3-11(9(15)5-7)17-12-4-2-8(14)6-10(12)16/h1-6H	C1=CC(=C(C=C1Br)Br)OC2=C(C=C(C=C2)Br)Br
CAS:68631-49-2	155166	CAS:68631-49-2	2,2',4,4',5,5'-Hexabromodiphenyl ether	1,2,4-tribromo-5-(2,4,5-tribromophenoxy)benzene	RZXIRSKYBISPGF-UHFFFAOYSA-N	InChI=1S/C12H4Br6O/c13-5-1-9(17)11(3-7(5)15)19-12-4-8(16)6(14)2-10(12)18/h1-4H	C1=C(C(=CC(=C1Br)Br)Br)OC2=CC(=C(C=C2Br)Br)Br
CAS:35854-94-5	11028658	CAS:35854-94-5	2,2',4,4',6,6'-Hexabromodiphenyl ether	1,3,5-tribromo-2-(2,4,6-tribromophenoxy)benzene	HRSCBOSGEKXXSI-UHFFFAOYSA-N	InChI=1S/C12H4Br6O/c13-5-1-7(15)11(8(16)2-5)19-12-9(17)3-6(14)4-10(12)18/h1-4H	C1=C(C=C(C(=C1Br)OC2=C(C=C(C=C2Br)Br)Br)Br)Br
CAS:243982-82-3	15509892	CAS:243982-82-3	2,2',4,5'-Tetrabromodiphenyl ether	1,4-dibromo-2-(2,4-dibromophenoxy)benzene	QWVDUBDYUPHNHY-UHFFFAOYSA-N	InChI=1S/C12H6Br4O/c13-7-2-4-11(10(16)5-7)17-12-6-8(14)1-3-9(12)15/h1-6H	C1=CC(=C(C=C1Br)Br)OC2=C(C=CC(=C2)Br)Br
CAS:205-99-2	9153	CAS:205-99-2	Benzo[b]fluoranthene	pentacyclo[10.7.1.02,7.08,20.013,18]icosa-1(19),2(7),3,5,8(20),9,11,13,15,17-decaene	FTOVXSOBNPWTSH-UHFFFAOYSA-N	InChI=1S/C20H12/c1-2-7-14-13(6-1)12-19-16-9-4-3-8-15(16)18-11-5-10-17(14)20(18)19/h1-12H	C1=CC=C2C3=C4C(=CC=C3)C5=CC=CC=C5C4=CC2=C1
CAS:624-92-0	12232	CAS:624-92-0	Dimethyl disulfide	(methyldisulfanyl)methane	WQOXQRCZOLPYPM-UHFFFAOYSA-N	InChI=1S/C2H6S2/c1-3-4-2/h1-2H3	CSSC
CAS:189084-68-2	12110099	CAS:189084-68-2	2,3,3',4,4',5,6-Heptabromodiphenyl ether	1,2,3,4,5-pentabromo-6-(3,4-dibromophenoxy)benzene	OUEYHQIMJGHOQN-UHFFFAOYSA-N	InChI=1S/C12H3Br7O/c13-5-2-1-4(3-6(5)14)20-12-10(18)8(16)7(15)9(17)11(12)19/h1-3H	C1=CC(=C(C=C1OC2=C(C(=C(C(=C2Br)Br)Br)Br)Br)Br)Br
CAS:446255-30-7	53485723	CAS:446255-30-7	2,3,3',4,4',5',6-Heptabromodiphenyl ether	1,2,3,5-tetrabromo-4-(3,4,5-tribromophenoxy)benzene	BNBFKFHSIPERIM-UHFFFAOYSA-N	InChI=1S/C12H3Br7O/c13-5-1-4(2-6(14)9(5)17)20-12-8(16)3-7(15)10(18)11(12)19/h1-3H	C1=C(C=C(C(=C1Br)Br)Br)OC2=C(C(=C(C=C2Br)Br)Br)Br
CAS:4901-51-3	21013	CAS:4901-51-3	2,3,4,5-Tetrachlorophenol	2,3,4,5-tetrachlorophenol	RULKYXXCCZZKDZ-UHFFFAOYSA-N	InChI=1S/C6H2Cl4O/c7-2-1-3(11)5(9)6(10)4(2)8/h1,11H	C1=C(C(=C(C(=C1Cl)Cl)Cl)Cl)O
CAS:60851-34-5	43495	CAS:60851-34-5	2,3,4,6,7,8-Hexachlorodibenzofuran	2,3,4,6,7,8-hexachlorodibenzofuran	XTAHLACQOVXINQ-UHFFFAOYSA-N	InChI=1S/C12H2Cl6O/c13-5-1-3-4-2-6(14)8(16)10(18)12(4)19-11(3)9(17)7(5)15/h1-2H	C1=C2C3=CC(=C(C(=C3OC2=C(C(=C1Cl)Cl)Cl)Cl)Cl)Cl
CAS:57117-31-4	42128	CAS:57117-31-4	2,3,4,7,8-Pentachlorodibenzofuran	2,3,4,7,8-pentachlorodibenzofuran	OGBQILNBLMPPDP-UHFFFAOYSA-N	InChI=1S/C12H3Cl5O/c13-6-1-4-5-2-8(15)10(16)11(17)12(5)18-9(4)3-7(6)14/h1-3H	C1=C2C3=CC(=C(C(=C3OC2=CC(=C1Cl)Cl)Cl)Cl)Cl
CAS:1746-01-6	15625	CAS:1746-01-6	2,3,7,8-Tetrachlorodibenzo-P-dioxin	2,3,7,8-tetrachlorodibenzo-p-dioxin	HGUFODBRKLSHSI-UHFFFAOYSA-N	InChI=1S/C12H4Cl4O2/c13-5-1-9-10(2-6(5)14)18-12-4-8(16)7(15)3-11(12)17-9/h1-4H	C1=C2C(=CC(=C1Cl)Cl)OC3=CC(=C(C=C3O2)Cl)Cl
CAS:51207-31-9	39929	CAS:51207-31-9	2,3,7,8-Tetrachlorodibenzofuran	2,3,7,8-tetrachlorodibenzofuran	KSMVNVHUTQZITP-UHFFFAOYSA-N	InChI=1S/C12H4Cl4O/c13-7-1-5-6-2-8(14)10(16)4-12(6)17-11(5)3-9(7)15/h1-4H	C1=C2C3=CC(=C(C=C3OC2=CC(=C1Cl)Cl)Cl)Cl
CAS:189084-61-5	15509893	CAS:189084-61-5	2,3',4,4'-Tetrabromodiphenyl ether	1,2-dibromo-4-(2,4-dibromophenoxy)benzene	DHUMTYRHKMCVAG-UHFFFAOYSA-N	InChI=1S/C12H6Br4O/c13-7-1-4-12(11(16)5-7)17-8-2-3-9(14)10(15)6-8/h1-6H	C1=CC(=C(C=C1OC2=C(C=C(C=C2)Br)Br)Br)Br
CAS:446254-80-4	57358122	CAS:446254-80-4	2,3',4,4',5-Pentabromodiphenyl ether	1,2,4-tribromo-5-(3,4-dibromophenoxy)benzene	VTMFEPLDDHZBGI-UHFFFAOYSA-N	InChI=1S/C12H5Br5O/c13-7-2-1-6(3-8(7)14)18-12-5-10(16)9(15)4-11(12)17/h1-5H	C1=CC(=C(C=C1OC2=CC(=C(C=C2Br)Br)Br)Br)Br
CAS:109-87-5	8020	CAS:109-87-5	Dimethoxymethane	dimethoxymethane	NKDDWNXOKDWJAK-UHFFFAOYSA-N	InChI=1S/C3H8O2/c1-4-3-5-2/h3H2,1-2H3	COCOC
CAS:41318-75-6	12110098	CAS:41318-75-6	2,4-Dibromo-1-(4-bromophenoxy)benzene	2,4-dibromo-1-(4-bromophenoxy)benzene	UPNBETHEXPIWQX-UHFFFAOYSA-N	InChI=1S/C12H7Br3O/c13-8-1-4-10(5-2-8)16-12-6-3-9(14)7-11(12)15/h1-7H	C1=CC(=CC=C1OC2=C(C=C(C=C2)Br)Br)Br
CAS:3380-34-5	5564	CAS:3380-34-5	Triclosan	5-chloro-2-(2,4-dichlorophenoxy)phenol	XEFQLINVKFYRCS-UHFFFAOYSA-N	InChI=1S/C12H7Cl3O2/c13-7-1-3-11(9(15)5-7)17-12-4-2-8(14)6-10(12)16/h1-6,16H	C1=CC(=C(C=C1Cl)O)OC2=C(C=C(C=C2)Cl)Cl
CAS:189084-63-7	15509895	CAS:189084-63-7	2,4,4',6-Tetrabromodiphenyl ether	1,3,5-tribromo-2-(4-bromophenoxy)benzene	BWCNKMFFUGBFGB-UHFFFAOYSA-N	InChI=1S/C12H6Br4O/c13-7-1-3-9(4-2-7)17-12-10(15)5-8(14)6-11(12)16/h1-6H	C1=CC(=CC=C1OC2=C(C=C(C=C2Br)Br)Br)Br
CAS:118-79-6	1483	CAS:118-79-6	2,4,6-Tribromophenol	2,4,6-tribromophenol	BSWWXRFVMJHFBN-UHFFFAOYSA-N	InChI=1S/C6H3Br3O/c7-3-1-4(8)6(10)5(9)2-3/h1-2,10H	C1=C(C=C(C(=C1Br)O)Br)Br
CAS:583-78-8	66	CAS:583-78-8	2,5-Dichlorophenol	2,5-dichlorophenol	RANCECPPZPIPNO-UHFFFAOYSA-N	InChI=1S/C6H4Cl2O/c7-4-1-2-5(8)6(9)3-4/h1-3,9H	C1=CC(=C(C=C1Cl)O)Cl
CAS:81246-84-6	1778	CAS:81246-84-6	4-[3-(Tetradeca-2,5,8-trien-1-yl)oxiran-2-yl]butanoic acid	4-(3-tetradeca-2,5,8-trienyloxiran-2-yl)butanoic acid	VBQNSZQZRAGRIX-UHFFFAOYSA-N	InChI=1S/C20H32O3/c1-2-3-4-5-6-7-8-9-10-11-12-13-15-18-19(23-18)16-14-17-20(21)22/h6-7,9-10,12-13,18-19H,2-5,8,11,14-17H2,1H3,(H,21,22)	CCCCCC=CCC=CCC=CCC1C(O1)CCCC(=O)O
CAS:472-70-8	5281235	CAS:472-70-8	beta-Cryptoxanthin	(1R)-3,5,5-trimethyl-4-[(1E,3E,5E,7E,9E,11E,13E,15E,17E)-3,7,12,16-tetramethyl-18-(2,6,6-trimethylcyclohexen-1-yl)octadeca-1,3,5,7,9,11,13,15,17-nonaenyl]cyclohex-3-en-1-ol	DMASLKHVQRHNES-FKKUPVFPSA-N	InChI=1S/C40H56O/c1-30(18-13-20-32(3)23-25-37-34(5)22-15-27-39(37,7)8)16-11-12-17-31(2)19-14-21-33(4)24-26-38-35(6)28-36(41)29-40(38,9)10/h11-14,16-21,23-26,36,41H,15,22,27-29H2,1-10H3/b12-11+,18-13+,19-14+,25-23+,26-24+,30-16+,31-17+,32-20+,33-21+/t36-/m1/s1	CC1=C(C(CCC1)(C)C)C=CC(=CC=CC(=CC=CC=C(C)C=CC=C(C)C=CC2=C(CC(CC2(C)C)O)C)C)C
CAS:106-68-3	246728	CAS:106-68-3	3-Octanone	octan-3-one	RHLVCLIPMVJYKS-UHFFFAOYSA-N	InChI=1S/C8H16O/c1-3-5-6-7-8(9)4-2/h3-7H2,1-2H3	CCCCCC(=O)CC
CAS:147217-81-0	12073152	CAS:147217-81-0	3,4,4'-Tribromodiphenyl ether	1,2-dibromo-4-(4-bromophenoxy)benzene	YALAYFVVZFORPV-UHFFFAOYSA-N	InChI=1S/C12H7Br3O/c13-8-1-3-9(4-2-8)16-10-5-6-11(14)12(15)7-10/h1-7H	C1=CC(=CC=C1OC2=CC(=C(C=C2)Br)Br)Br
CAS:94-26-8	7184	CAS:94-26-8	Butylparaben	butyl 4-hydroxybenzoate	QFOHBWFCKVYLES-UHFFFAOYSA-N	InChI=1S/C11H14O3/c1-2-3-8-14-11(13)9-4-6-10(12)7-5-9/h4-7,12H,2-3,8H2,1H3	CCCCOC(=O)C1=CC=C(C=C1)O
CAS:99-76-3	7456	CAS:99-76-3	Methylparaben	methyl 4-hydroxybenzoate	LXCFILQKKLGQFO-UHFFFAOYSA-N	InChI=1S/C8H8O3/c1-11-8(10)6-2-4-7(9)5-3-6/h2-5,9H,1H3	COC(=O)C1=CC=C(C=C1)O
CAS:71320-77-9	4235	CAS:71320-77-9	Moclobemide	4-chloro-N-(2-morpholin-4-ylethyl)benzamide	YHXISWVBGDMDLQ-UHFFFAOYSA-N	InChI=1S/C13H17ClN2O2/c14-12-3-1-11(2-4-12)13(17)15-5-6-16-7-9-18-10-8-16/h1-4H,5-10H2,(H,15,17)	C1COCCN1CCNC(=O)C2=CC=C(C=C2)Cl
CAS:134-85-0	8653	CAS:134-85-0	4-Chlorobenzophenone	(4-chlorophenyl)-phenylmethanone	UGVRJVHOJNYEHR-UHFFFAOYSA-N	InChI=1S/C13H9ClO/c14-12-8-6-11(7-9-12)13(15)10-4-2-1-3-5-10/h1-9H	C1=CC=C(C=C1)C(=O)C2=CC=C(C=C2)Cl
CAS:120-47-8	8434	CAS:120-47-8	Ethylparaben	ethyl 4-hydroxybenzoate	NUVBSKCKDOMJSU-UHFFFAOYSA-N	InChI=1S/C9H10O3/c1-2-12-9(11)7-3-5-8(10)6-4-7/h3-6,10H,2H2,1H3	CCOC(=O)C1=CC=C(C=C1)O
CAS:94-13-3	7175	CAS:94-13-3	Propylparaben	propyl 4-hydroxybenzoate	QELSKZZBTMNZEB-UHFFFAOYSA-N	InChI=1S/C10H12O3/c1-2-7-13-10(12)8-3-5-9(11)6-4-8/h3-6,11H,2,7H2,1H3	CCCOC(=O)C1=CC=C(C=C1)O
CAS:104-40-5	1752	CAS:104-40-5	4-Nonylphenol	4-nonylphenol	IGFHQQFPSIBGKE-UHFFFAOYSA-N	InChI=1S/C15H24O/c1-2-3-4-5-6-7-8-9-14-10-12-15(16)13-11-14/h10-13,16H,2-9H2,1H3	CCCCCCCCCC1=CC=C(C=C1)O
CAS:3734-48-3	19519	CAS:3734-48-3	Chlordene	1,7,8,9,10,10-hexachlorotricyclo[5.2.1.02,6]deca-3,8-diene	XCJXQCUJXDUNDN-UHFFFAOYSA-N	InChI=1S/C10H6Cl6/c11-6-7(12)9(14)5-3-1-2-4(5)8(6,13)10(9,15)16/h1-2,4-5H,3H2	C1C=CC2C1C3(C(=C(C2(C3(Cl)Cl)Cl)Cl)Cl)Cl
CAS:39765-80-5	12313421	CAS:39765-80-5	trans-Nonachlor	(1R,2S,3R,5S,6R,7S)-1,3,4,5,7,8,9,10,10-nonachlorotricyclo[5.2.1.02,6]dec-8-ene	OCHOKXCPKDPNQU-FLVMBEMLSA-N	InChI=1S/C10H5Cl9/c11-3-1-2(4(12)5(3)13)9(17)7(15)6(14)8(1,16)10(9,18)19/h1-5H/t1-,2+,3+,4-,5?,8+,9-	C12C(C(C(C1Cl)Cl)Cl)C3(C(=C(C2(C3(Cl)Cl)Cl)Cl)Cl)Cl
CAS:5103-73-1	12313426	CAS:5103-73-1	cis-Nonachlor	(1R,2R,3S,5R,6S,7S)-1,3,4,5,7,8,9,10,10-nonachlorotricyclo[5.2.1.02,6]dec-8-ene	OCHOKXCPKDPNQU-MSFPVELZSA-N	InChI=1S/C10H5Cl9/c11-3-1-2(4(12)5(3)13)9(17)7(15)6(14)8(1,16)10(9,18)19/h1-5H/t1-,2+,3+,4-,5?,8-,9+	C12C(C(C(C1Cl)Cl)Cl)C3(C(=C(C2(C3(Cl)Cl)Cl)Cl)Cl)Cl
CAS:81246-85-7	5353364	CAS:81246-85-7	(E)-7-[3-[(2E,5E)-Undeca-2,5-dienyl]oxiran-2-yl]hept-5-enoic acid	(E)-7-[3-[(2E,5E)-undeca-2,5-dienyl]oxiran-2-yl]hept-5-enoic acid	DBWQSCSXHFNTMO-QPZDSRGTSA-N	InChI=1S/C20H32O3/c1-2-3-4-5-6-7-8-9-12-15-18-19(23-18)16-13-10-11-14-17-20(21)22/h6-7,9-10,12-13,18-19H,2-5,8,11,14-17H2,1H3,(H,21,22)/b7-6+,12-9+,13-10+	CCCCCC=CCC=CCC1C(O1)CC=CCCCC(=O)O
CAS:72255-35-7	1771	CAS:72255-35-7	5-Hydroxyicosa-6,8,11,14-tetraenoic acid	5-hydroxyicosa-6,8,11,14-tetraenoic acid	KGIJOOYOSFUGPC-UHFFFAOYSA-N	InChI=1S/C20H32O3/c1-2-3-4-5-6-7-8-9-10-11-12-13-14-16-19(21)17-15-18-20(22)23/h6-7,9-10,12-14,16,19,21H,2-5,8,11,15,17-18H2,1H3,(H,22,23)	CCCCCC=CCC=CCC=CC=CC(CCCC(=O)O)O
CAS:24880-40-8	11722594	CAS:24880-40-8	8Z,11Z,14Z,17Z-Eicosatetraenoic acid	(8Z,11Z,14Z,17Z)-icosa-8,11,14,17-tetraenoic acid	HQPCSDADVLFHHO-LTKCOYKYSA-N	InChI=1S/C20H32O2/c1-2-3-4-5-6-7-8-9-10-11-12-13-14-15-16-17-18-19-20(21)22/h3-4,6-7,9-10,12-13H,2,5,8,11,14-19H2,1H3,(H,21,22)/b4-3-,7-6-,10-9-,13-12-	CCC=CCC=CCC=CCC=CCCCCCCC(=O)O
CAS:13312-52-2	9828626	CAS:13312-52-2	9-cis-beta-Carotene	1,3,3-trimethyl-2-[(1E,3E,5E,7E,9E,11E,13E,15Z,17E)-3,7,12,16-tetramethyl-18-(2,6,6-trimethylcyclohexen-1-yl)octadeca-1,3,5,7,9,11,13,15,17-nonaenyl]cyclohexene	OENHQHLEOONYIE-BVZAMQQESA-N	InChI=1S/C40H56/c1-31(19-13-21-33(3)25-27-37-35(5)23-15-29-39(37,7)8)17-11-12-18-32(2)20-14-22-34(4)26-28-38-36(6)24-16-30-40(38,9)10/h11-14,17-22,25-28H,15-16,23-24,29-30H2,1-10H3/b12-11+,19-13+,20-14+,27-25+,28-26+,31-17+,32-18+,33-21-,34-22+	CC1=C(C(CCC1)(C)C)C=CC(=CC=CC(=CC=CC=C(C)C=CC=C(C)C=CC2=C(CCCC2(C)C)C)C)C
CAS:64727-64-6	6440364	CAS:64727-64-6	9-cis-Lycopene	(6E,8E,10E,12E,14E,16E,18E,20E,22Z,24E,26E)-2,6,10,14,19,23,27,31-octamethyldotriaconta-2,6,8,10,12,14,16,18,20,22,24,26,30-tridecaene	OAIJSZIZWZSQBC-CBEQXLMWSA-N	InChI=1S/C40H56/c1-33(2)19-13-23-37(7)27-17-31-39(9)29-15-25-35(5)21-11-12-22-36(6)26-16-30-40(10)32-18-28-38(8)24-14-20-34(3)4/h11-12,15-22,25-32H,13-14,23-24H2,1-10H3/b12-11+,25-15+,26-16+,31-17+,32-18+,35-21+,36-22+,37-27+,38-28+,39-29-,40-30+	CC(=CCCC(=CC=CC(=CC=CC(=CC=CC=C(C)C=CC=C(C)C=CC=C(C)CCC=C(C)C)C)C)C)C
CAS:544-70-7	5282795	CAS:544-70-7	(9Z,11Z)-9,11-Octadecadienoic acid	(9Z,11Z)-octadeca-9,11-dienoic acid	JBYXPOFIGCOSSB-QRLRYFCNSA-N	InChI=1S/C18H32O2/c1-2-3-4-5-6-7-8-9-10-11-12-13-14-15-16-17-18(19)20/h7-10H,2-6,11-17H2,1H3,(H,19,20)/b8-7-,10-9-	CCCCCCC=CC=CCCCCCCCC(=O)O
CAS:10030-73-6	5282745	CAS:10030-73-6	9-Hexadecenoic acid	(E)-hexadec-9-enoic acid	SECPZKHBENQXJG-BQYQJAHWSA-N	InChI=1S/C16H30O2/c1-2-3-4-5-6-7-8-9-10-11-12-13-14-15-16(17)18/h7-8H,2-6,9-15H2,1H3,(H,17,18)/b8-7+	CCCCCCC=CCCCCCCCC(=O)O
CAS:112-80-1	445639	CAS:112-80-1	Oleic acid	(Z)-octadec-9-enoic acid	ZQPPMHVWECSIRJ-KTKRTIGZSA-N	InChI=1S/C18H34O2/c1-2-3-4-5-6-7-8-9-10-11-12-13-14-15-16-17-18(19)20/h9-10H,2-8,11-17H2,1H3,(H,19,20)/b10-9-	CCCCCCCCC=CCCCCCCCC(=O)O
CAS:2540-56-9	5280644	CAS:2540-56-9	Bovinic acid	(9Z,11E)-octadeca-9,11-dienoic acid	JBYXPOFIGCOSSB-GOJKSUSPSA-N	InChI=1S/C18H32O2/c1-2-3-4-5-6-7-8-9-10-11-12-13-14-15-16-17-18(19)20/h7-10H,2-6,11-17H2,1H3,(H,19,20)/b8-7+,10-9-	CCCCCCC=CC=CCCCCCCCC(=O)O
CAS:506-21-8	5282457	CAS:506-21-8	Linoelaidic acid	(9E,12E)-octadeca-9,12-dienoic acid	OYHQOLUKZRVURQ-AVQMFFATSA-N	InChI=1S/C18H32O2/c1-2-3-4-5-6-7-8-9-10-11-12-13-14-15-16-17-18(19)20/h6-7,9-10H,2-5,8,11-17H2,1H3,(H,19,20)/b7-6+,10-9+	CCCCCC=CCC=CCCCCCCCC(=O)O
CAS:2420-55-5	5282798	CAS:2420-55-5	9,12-Octadecadienoic acid, (E,Z)-	(9E,12Z)-octadeca-9,12-dienoic acid	OYHQOLUKZRVURQ-IXWMQOLASA-N	InChI=1S/C18H32O2/c1-2-3-4-5-6-7-8-9-10-11-12-13-14-15-16-17-18(19)20/h6-7,9-10H,2-5,8,11-17H2,1H3,(H,19,20)/b7-6-,10-9+	CCCCCC=CCC=CCCCCCCCC(=O)O
CAS:2420-42-0	5282797	CAS:2420-42-0	9Z,12E-Octadecadienoic acid	(9Z,12E)-octadeca-9,12-dienoic acid	OYHQOLUKZRVURQ-KQHSAVHASA-N	InChI=1S/C18H32O2/c1-2-3-4-5-6-7-8-9-10-11-12-13-14-15-16-17-18(19)20/h6-7,9-10H,2-5,8,11-17H2,1H3,(H,19,20)/b7-6+,10-9-	CCCCCC=CCC=CCCCCCCCC(=O)O
CAS:208-96-8	9161	CAS:208-96-8	Acenaphthylene	acenaphthylene	HXGDTGSAIMULJN-UHFFFAOYSA-N	InChI=1S/C12H8/c1-3-9-4-2-6-11-8-7-10(5-1)12(9)11/h1-8H	C1=CC2=C3C(=C1)C=CC3=CC=C2
CAS:10265-92-6	4096	CAS:10265-92-6	Methamidophos	[amino(methylsulfanyl)phosphoryl]oxymethane	NNKVPIKMPCQWCG-UHFFFAOYSA-N	InChI=1S/C2H8NO2PS/c1-5-6(3,4)7-2/h1-2H3,(H2,3,4)	COP(=O)(N)SC
CAS:75-60-5	2513	CAS:75-60-5	Cacodylic acid	dimethylarsinic acid	OGGXGZAMXPVRFZ-UHFFFAOYSA-N	InChI=1S/C2H7AsO2/c1-3(2,4)5/h1-2H3,(H,4,5)	C[As](=O)(C)O
CAS:144-62-7	971	CAS:144-62-7	Oxalic acid	oxalic acid	MUBZPKHOEPUJKR-UHFFFAOYSA-N	InChI=1S/C2H2O4/c3-1(4)2(5)6/h(H,3,4)(H,5,6)	C(=O)(C(=O)O)O
CAS:7440-44-0	5462310	CAS:7440-44-0	Carbon	carbon	OKTJSMMVPCPJKN-UHFFFAOYSA-N	InChI=1S/C	[C]
CAS:91-20-3	931	CAS:91-20-3	Naphthalene	naphthalene	UFWIBTONFRDIAS-UHFFFAOYSA-N	InChI=1S/C10H8/c1-2-6-10-8-4-3-7-9(10)5-1/h1-8H	C1=CC=C2C=CC=CC2=C1
CAS:75-45-6	6372	CAS:75-45-6	Chlorodifluoromethane	chloro(difluoro)methane	VOPWNXZWBYDODV-UHFFFAOYSA-N	InChI=1S/CHClF2/c2-1(3)4/h1H	C(F)(F)Cl
CAS:127-40-2	5281243	CAS:127-40-2	Lutein	(1R)-4-[(1E,3E,5E,7E,9E,11E,13E,15E,17E)-18-[(1R,4R)-4-hydroxy-2,6,6-trimethylcyclohex-2-en-1-yl]-3,7,12,16-tetramethyloctadeca-1,3,5,7,9,11,13,15,17-nonaenyl]-3,5,5-trimethylcyclohex-3-en-1-ol	KBPHJBAIARWVSC-RGZFRNHPSA-N	InChI=1S/C40H56O2/c1-29(17-13-19-31(3)21-23-37-33(5)25-35(41)27-39(37,7)8)15-11-12-16-30(2)18-14-20-32(4)22-24-38-34(6)26-36(42)28-40(38,9)10/h11-25,35-37,41-42H,26-28H2,1-10H3/b12-11+,17-13+,18-14+,23-21+,24-22+,29-15+,30-16+,31-19+,32-20+/t35-,36+,37-/m0/s1	CC1=C(C(CC(C1)O)(C)C)C=CC(=CC=CC(=CC=CC=C(C)C=CC=C(C)C=CC2C(=CC(CC2(C)C)O)C)C)C
CAS:502-65-8	446925	CAS:502-65-8	Lycopene	(6E,8E,10E,12E,14E,16E,18E,20E,22E,24E,26E)-2,6,10,14,19,23,27,31-octamethyldotriaconta-2,6,8,10,12,14,16,18,20,22,24,26,30-tridecaene	OAIJSZIZWZSQBC-GYZMGTAESA-N	InChI=1S/C40H56/c1-33(2)19-13-23-37(7)27-17-31-39(9)29-15-25-35(5)21-11-12-22-36(6)26-16-30-40(10)32-18-28-38(8)24-14-20-34(3)4/h11-12,15-22,25-32H,13-14,23-24H2,1-10H3/b12-11+,25-15+,26-16+,31-17+,32-18+,35-21+,36-22+,37-27+,38-28+,39-29+,40-30+	CC(=CCCC(=CC=CC(=CC=CC(=CC=CC=C(C)C=CC=C(C)C=CC=C(C)CCC=C(C)C)C)C)C)C
CAS:118-74-1	8370	CAS:118-74-1	Hexachlorobenzene	1,2,3,4,5,6-hexachlorobenzene	CKAPSXZOOQJIBF-UHFFFAOYSA-N	InChI=1S/C6Cl6/c7-1-2(8)4(10)6(12)5(11)3(1)9	C1(=C(C(=C(C(=C1Cl)Cl)Cl)Cl)Cl)Cl
CAS:99294-93-6	57487	CAS:99294-93-6	Bikalm	(2R,3R)-2,3-dihydroxybutanedioic acid;N,N-dimethyl-2-[6-methyl-2-(4-methylphenyl)imidazo[1,2-a]pyridin-3-yl]acetamide	NYVVVBWEVRSKIU-LREBCSMRSA-N	InChI=1S/C19H21N3O.C4H6O6/c1-13-5-8-15(9-6-13)19-16(11-18(23)21(3)4)22-12-14(2)7-10-17(22)20-19;5-1(3(7)8)2(6)4(9)10/h5-10,12H,11H2,1-4H3;1-2,5-6H,(H,7,8)(H,9,10)/t;1-,2-/m.1/s1	CC1=CC=C(C=C1)C2=C(N3C=C(C=CC3=N2)C)CC(=O)N(C)C.C(C(C(=O)O)O)(C(=O)O)O
CAS:120-12-7	8418	CAS:120-12-7	Anthracene	anthracene	MWPLVEDNUUSJAV-UHFFFAOYSA-N	InChI=1S/C14H10/c1-2-6-12-10-14-8-4-3-7-13(14)9-11(12)5-1/h1-10H	C1=CC=C2C=C3C=CC=CC3=CC2=C1
CAS:63449-39-8	6537497	CAS:63449-39-8	Chlorowax 40	4,8,11,14,17,21-hexachlorotetracosane	QKUNKVYPGIOQNP-UHFFFAOYSA-N	InChI=1S/C24H44Cl6/c1-3-7-19(25)9-5-11-21(27)13-15-23(29)17-18-24(30)16-14-22(28)12-6-10-20(26)8-4-2/h19-24H,3-18H2,1-2H3	CCCC(CCCC(CCC(CCC(CCC(CCCC(CCC)Cl)Cl)Cl)Cl)Cl)Cl
CAS:506-30-9	10467	CAS:506-30-9	Arachidic acid	icosanoic acid	VKOBVWXKNCXXDE-UHFFFAOYSA-N	InChI=1S/C20H40O2/c1-2-3-4-5-6-7-8-9-10-11-12-13-14-15-16-17-18-19-20(21)22/h2-19H2,1H3,(H,21,22)	CCCCCCCCCCCCCCCCCCCC(=O)O
CAS:124-58-3	8948	CAS:124-58-3	Methylarsonic acid	methylarsonic acid	QYPPRTNMGCREIM-UHFFFAOYSA-N	InChI=1S/CH5AsO3/c1-2(3,4)5/h1H3,(H2,3,4,5)	C[As](=O)(O)O
CAS:25400-23-1	161491	CAS:25400-23-1	Methylarsonous acid	methylarsonous acid	OXBIRPQQKCQWGV-UHFFFAOYSA-N	InChI=1S/CH5AsO2/c1-2(3)4/h3-4H,1H3	C[As](O)O
CAS:63936-56-1	45472	CAS:63936-56-1	Nonabromodiphenyl ether	1,2,3,4,5-pentabromo-6-(2,3,4,5-tetrabromophenoxy)benzene	CYRHBNRLQMLULE-UHFFFAOYSA-N	InChI=1S/C12HBr9O/c13-2-1-3(5(15)6(16)4(2)14)22-12-10(20)8(18)7(17)9(19)11(12)21/h1H	C1=C(C(=C(C(=C1Br)Br)Br)Br)OC2=C(C(=C(C(=C2Br)Br)Br)Br)Br
CAS:87-82-1	6905	CAS:87-82-1	Hexabromobenzene	1,2,3,4,5,6-hexabromobenzene	CAYGQBVSOZLICD-UHFFFAOYSA-N	InChI=1S/C6Br6/c7-1-2(8)4(10)6(12)5(11)3(1)9	C1(=C(C(=C(C(=C1Br)Br)Br)Br)Br)Br
CAS:108-86-1	7961	CAS:108-86-1	Bromobenzene	bromobenzene	QARVLSVVCXYDNA-UHFFFAOYSA-N	InChI=1S/C6H5Br/c7-6-4-2-1-3-5-6/h1-5H	C1=CC=C(C=C1)Br
CAS:29082-74-4	34466	CAS:29082-74-4	Octachlorostyrene	1,2,3,4,5-pentachloro-6-(1,2,2-trichloroethenyl)benzene	RUYUCCQRWINUHE-UHFFFAOYSA-N	InChI=1S/C8Cl8/c9-2-1(4(11)8(15)16)3(10)6(13)7(14)5(2)12	C1(=C(C(=C(C(=C1Cl)Cl)Cl)Cl)Cl)C(=C(Cl)Cl)Cl
CAS:12408-10-5	7270	CAS:12408-10-5	1,2,4,5-Tetrachlorobenzene	1,2,4,5-tetrachlorobenzene	JHBKHLUZVFWLAG-UHFFFAOYSA-N	InChI=1S/C6H2Cl4/c7-3-1-4(8)6(10)2-5(3)9/h1-2H	C1=C(C(=CC(=C1Cl)Cl)Cl)Cl
CAS:129-00-0	31423	CAS:129-00-0	Pyrene	pyrene	BBEAQIROQSPTKN-UHFFFAOYSA-N	InChI=1S/C16H10/c1-3-11-7-9-13-5-2-6-14-10-8-12(4-1)15(11)16(13)14/h1-10H	C1=CC2=C3C(=C1)C=CC4=CC=CC(=C43)C=C2
CAS:74-83-9	6323	CAS:74-83-9	Bromomethane	bromomethane	GZUXJHMPEANEGY-UHFFFAOYSA-N	InChI=1S/CH3Br/c1-2/h1H3	CBr
CAS:126-73-8	31357	CAS:126-73-8	Tributyl phosphate	tributyl phosphate	STCOOQWBFONSKY-UHFFFAOYSA-N	InChI=1S/C12H27O4P/c1-4-7-10-14-17(13,15-11-8-5-2)16-12-9-6-3/h4-12H2,1-3H3	CCCCOP(=O)(OCCCC)OCCCC
CAS:111-11-5	8091	CAS:111-11-5	Methyl octanoate	methyl octanoate	JGHZJRVDZXSNKQ-UHFFFAOYSA-N	InChI=1S/C9H18O2/c1-3-4-5-6-7-8-9(10)11-2/h3-8H2,1-2H3	CCCCCCCC(=O)OC
CAS:115-86-6	8289	CAS:115-86-6	Triphenyl phosphate	triphenyl phosphate	XZZNDPSIHUTMOC-UHFFFAOYSA-N	InChI=1S/C18H15O4P/c19-23(20-16-10-4-1-5-11-16,21-17-12-6-2-7-13-17)22-18-14-8-3-9-15-18/h1-15H	C1=CC=C(C=C1)OP(=O)(OC2=CC=CC=C2)OC3=CC=CC=C3
CAS:544-76-3	11006	CAS:544-76-3	Hexadecane	hexadecane	DCAYPVUWAIABOU-UHFFFAOYSA-N	InChI=1S/C16H34/c1-3-5-7-9-11-13-15-16-14-12-10-8-6-4-2/h3-16H2,1-2H3	CCCCCCCCCCCCCCCC
CAS:85-01-8	995	CAS:85-01-8	Phenanthrene	phenanthrene	YNPNZTXNASCQKK-UHFFFAOYSA-N	InChI=1S/C14H10/c1-3-7-13-11(5-1)9-10-12-6-2-4-8-14(12)13/h1-10H	C1=CC=C2C(=C1)C=CC3=CC=CC=C32
CAS:541-02-6	10913	CAS:541-02-6	Decamethylcyclopentasiloxane	2,2,4,4,6,6,8,8,10,10-decamethyl-1,3,5,7,9,2,4,6,8,10-pentaoxapentasilecane	XMSXQFUHVRWGNA-UHFFFAOYSA-N	InChI=1S/C10H30O5Si5/c1-16(2)11-17(3,4)13-19(7,8)15-20(9,10)14-18(5,6)12-16/h1-10H3	C[Si]1(O[Si](O[Si](O[Si](O[Si](O1)(C)C)(C)C)(C)C)(C)C)C
CAS:556-67-2	11169	CAS:556-67-2	Octamethylcyclotetrasiloxane	2,2,4,4,6,6,8,8-octamethyl-1,3,5,7,2,4,6,8-tetraoxatetrasilocane	HMMGMWAXVFQUOA-UHFFFAOYSA-N	InChI=1S/C8H24O4Si4/c1-13(2)9-14(3,4)11-16(7,8)12-15(5,6)10-13/h1-8H3	C[Si]1(O[Si](O[Si](O[Si](O1)(C)C)(C)C)(C)C)C
CAS:335-76-2	9555	CAS:335-76-2	Perfluorodecanoic acid	2,2,3,3,4,4,5,5,6,6,7,7,8,8,9,9,10,10,10-nonadecafluorodecanoic acid	PCIUEQPBYFRTEM-UHFFFAOYSA-N	InChI=1S/C10HF19O2/c11-2(12,1(30)31)3(13,14)4(15,16)5(17,18)6(19,20)7(21,22)8(23,24)9(25,26)10(27,28)29/h(H,30,31)	C(=O)(C(C(C(C(C(C(C(C(C(F)(F)F)(F)F)(F)F)(F)F)(F)F)(F)F)(F)F)(F)F)(F)F)O
CAS:1002-53-5	6484	CAS:1002-53-5	Dibutyltin	dibutyltin	AYOHIQLKSOJJQH-UHFFFAOYSA-N	InChI=1S/2C4H9.Sn/c2*1-3-4-2;/h2*1,3-4H2,2H3;	CCCC[Sn]CCCC
CAS:55094-22-9	185792	CAS:55094-22-9	Dimethylarsinous acid	dimethylarsinous acid	VDEGQTCMQUFPFH-UHFFFAOYSA-N	InChI=1S/C2H7AsO/c1-3(2)4/h4H,1-2H3	C[As](C)O
CAS:105-37-3	7749	CAS:105-37-3	Ethyl propionate	ethyl propanoate	FKRCODPIKNYEAC-UHFFFAOYSA-N	InChI=1S/C5H10O2/c1-3-5(6)7-4-2/h3-4H2,1-2H3	CCC(=O)OCC
CAS:2363-71-5	16898	CAS:2363-71-5	Heneicosanoic acid	henicosanoic acid	CKDDRHZIAZRDBW-UHFFFAOYSA-N	InChI=1S/C21H42O2/c1-2-3-4-5-6-7-8-9-10-11-12-13-14-15-16-17-18-19-20-21(22)23/h2-20H2,1H3,(H,22,23)	CCCCCCCCCCCCCCCCCCCCC(=O)O
CAS:2058-94-8	77222	CAS:2058-94-8	Perfluoroundecanoic acid	2,2,3,3,4,4,5,5,6,6,7,7,8,8,9,9,10,10,11,11,11-henicosafluoroundecanoic acid	SIDINRCMMRKXGQ-UHFFFAOYSA-N	InChI=1S/C11HF21O2/c12-2(13,1(33)34)3(14,15)4(16,17)5(18,19)6(20,21)7(22,23)8(24,25)9(26,27)10(28,29)11(30,31)32/h(H,33,34)	C(=O)(C(C(C(C(C(C(C(C(C(C(F)(F)F)(F)F)(F)F)(F)F)(F)F)(F)F)(F)F)(F)F)(F)F)(F)F)O
CAS:506-12-7	10465	CAS:506-12-7	Heptadecanoic acid	heptadecanoic acid	KEMQGTRYUADPNZ-UHFFFAOYSA-N	InChI=1S/C17H34O2/c1-2-3-4-5-6-7-8-9-10-11-12-13-14-15-16-17(18)19/h2-16H2,1H3,(H,18,19)	CCCCCCCCCCCCCCCCC(=O)O
CAS:112-39-0	8181	CAS:112-39-0	Methyl palmitate	methyl hexadecanoate	FLIACVVOZYBSBS-UHFFFAOYSA-N	InChI=1S/C17H34O2/c1-3-4-5-6-7-8-9-10-11-12-13-14-15-16-17(18)19-2/h3-16H2,1-2H3	CCCCCCCCCCCCCCCC(=O)OC
CAS:335-67-1	9554	CAS:335-67-1	Perfluorooctanoic acid	2,2,3,3,4,4,5,5,6,6,7,7,8,8,8-pentadecafluorooctanoic acid	SNGREZUHAYWORS-UHFFFAOYSA-N	InChI=1S/C8HF15O2/c9-2(10,1(24)25)3(11,12)4(13,14)5(15,16)6(17,18)7(19,20)8(21,22)23/h(H,24,25)	C(=O)(C(C(C(C(C(C(C(F)(F)F)(F)F)(F)F)(F)F)(F)F)(F)F)(F)F)O
CAS:557-59-5	11197	CAS:557-59-5	Tetracosanoic acid	tetracosanoic acid	QZZGJDVWLFXDLK-UHFFFAOYSA-N	InChI=1S/C24H48O2/c1-2-3-4-5-6-7-8-9-10-11-12-13-14-15-16-17-18-19-20-21-22-23-24(25)26/h2-23H2,1H3,(H,25,26)	CCCCCCCCCCCCCCCCCCCCCCCC(=O)O
CAS:22967-92-6	6860	CAS:22967-92-6	Methylmercury(1+)	methylmercury(1+)	DBUXSCUEGJMZAE-UHFFFAOYSA-N	InChI=1S/CH3.Hg/h1H3;/q;+1	C[Hg+]
CAS:124-10-7	31284	CAS:124-10-7	Methyl tetradecanoate	methyl tetradecanoate	ZAZKJZBWRNNLDS-UHFFFAOYSA-N	InChI=1S/C15H30O2/c1-3-4-5-6-7-8-9-10-11-12-13-14-15(16)17-2/h3-14H2,1-2H3	CCCCCCCCCCCCCC(=O)OC
CAS:112-61-8	8201	CAS:112-61-8	Methyl stearate	methyl octadecanoate	HPEUJPJOZXNMSJ-UHFFFAOYSA-N	InChI=1S/C19H38O2/c1-3-4-5-6-7-8-9-10-11-12-13-14-15-16-17-18-19(20)21-2/h3-18H2,1-2H3	CCCCCCCCCCCCCCCCCC(=O)OC
CAS:78763-54-9	54267	CAS:78763-54-9	Monobutyltin	butyltin(3+)	NPAIMXWXWPJRES-UHFFFAOYSA-N	InChI=1S/C4H9.Sn/c1-3-4-2;/h1,3-4H2,2H3;/q;+3	CCCC[Sn+3]
CAS:20290-75-9	5312508	CAS:20290-75-9	Stearidonic acid	(6Z,9Z,12Z,15Z)-octadeca-6,9,12,15-tetraenoic acid	JIWBIWFOSCKQMA-LTKCOYKYSA-N	InChI=1S/C18H28O2/c1-2-3-4-5-6-7-8-9-10-11-12-13-14-15-16-17-18(19)20/h3-4,6-7,9-10,12-13H,2,5,8,11,14-17H2,1H3,(H,19,20)/b4-3-,7-6-,10-9-,13-12-	CCC=CCC=CCC=CCC=CCCCCC(=O)O
CAS:1002-84-2	13849	CAS:1002-84-2	Pentadecanoic acid	pentadecanoic acid	WQEPLUUGTLDZJY-UHFFFAOYSA-N	InChI=1S/C15H30O2/c1-2-3-4-5-6-7-8-9-10-11-12-13-14-15(16)17/h2-14H2,1H3,(H,16,17)	CCCCCCCCCCCCCCC(=O)O
CAS:2433-96-7	17085	CAS:2433-96-7	Tricosanoic acid	tricosanoic acid	XEZVDURJDFGERA-UHFFFAOYSA-N	InChI=1S/C23H46O2/c1-2-3-4-5-6-7-8-9-10-11-12-13-14-15-16-17-18-19-20-21-22-23(24)25/h2-22H2,1H3,(H,24,25)	CCCCCCCCCCCCCCCCCCCCCCC(=O)O
CAS:375-95-1	67821	CAS:375-95-1	Perfluorononanoic acid	2,2,3,3,4,4,5,5,6,6,7,7,8,8,9,9,9-heptadecafluorononanoic acid	UZUFPBIDKMEQEQ-UHFFFAOYSA-N	InChI=1S/C9HF17O2/c10-2(11,1(27)28)3(12,13)4(14,15)5(16,17)6(18,19)7(20,21)8(22,23)9(24,25)26/h(H,27,28)	C(=O)(C(C(C(C(C(C(C(C(F)(F)F)(F)F)(F)F)(F)F)(F)F)(F)F)(F)F)(F)F)O
CAS:688-73-3	3032732	CAS:688-73-3	Tributyltin	Tributyltin	PIILXFBHQILWPS-UHFFFAOYSA-N	InChI=1S/3C4H9.Sn/c3*1-3-4-2;/h3*1,3-4H2,2H3;	CCCC[Sn](CCCC)CCCC
CAS:892-20-6	5357402	CAS:892-20-6	Triphenyltin	Triphenyltin	SBXWFLISHPUINY-UHFFFAOYSA-N	InChI=1S/3C6H5.Sn/c3*1-2-4-6-5-3-1;/h3*1-5H;	C1=CC=C(C=C1)[Sn](C2=CC=CC=C2)C3=CC=CC=C3
CAS:593-40-8	5282754	CAS:593-40-8	Petroselaidic acid	(E)-octadec-6-enoic acid	CNVZJPUDSLNTQU-OUKQBFOZSA-N	InChI=1S/C18H34O2/c1-2-3-4-5-6-7-8-9-10-11-12-13-14-15-16-17-18(19)20/h12-13H,2-11,14-17H2,1H3,(H,19,20)/b13-12+	CCCCCCCCCCCC=CCCCCC(=O)O
CAS:17735-94-3	5312518	CAS:17735-94-3	Paullinic acid	(Z)-icos-13-enoic acid	URXZXNYJPAJJOQ-FPLPWBNLSA-N	InChI=1S/C20H38O2/c1-2-3-4-5-6-7-8-9-10-11-12-13-14-15-16-17-18-19-20(21)22/h7-8H,2-6,9-19H2,1H3,(H,21,22)/b8-7-	CCCCCCC=CCCCCCCCCCCCC(=O)O
CAS:12789-03-6	5993	CAS:12789-03-6	Chlordane	Chlordane	BIWJNBZANLAXMG-UHFFFAOYSA-N	InChI=1S/C10H6Cl8/c11-3-1-2-4(5(3)12)9(16)7(14)6(13)8(2,15)10(9,17)18/h2-5H,1H2	ClC1CC2C(C1Cl)C3(Cl)C(=C(Cl)C2(Cl)C3(Cl)Cl)Cl
CAS:57-74-9	5993	CAS:57-74-9	Chlordane, technical	Chlordane, technical	BIWJNBZANLAXMG-YQELWRJZSA-N	InChI=1S/C10H6Cl8/c11-3-1-2-4(5(3)12)9(16)7(14)6(13)8(2,15)10(9,17)18/h2-5H,1H2/t2?,3?,4?,5?,8-,9+/m0/s1	ClC1CC2C(C1Cl)[C@@]3(Cl)C(=C(Cl)[C@]2(Cl)C3(Cl)Cl)Cl
CAS:29907-57-1	282965	CAS:29907-57-1	4,5,8-Tribromo-2-methylquinoline	4,5,8-tribromo-2-methylquinoline	VNJKOABJQWCRLY-UHFFFAOYSA-N	InChI=1S/C10H6Br3N/c1-5-4-8(13)9-6(11)2-3-7(12)10(9)14-5/h2-4H,1H3	CC1=NC2=C(C=CC(=C2C(=C1)Br)Br)Br
CAS:58-90-2	6028	CAS:58-90-2	2,3,4,6-Tetrachlorophenol	2,3,4,6-tetrachlorophenol	VGVRPFIJEJYOFN-UHFFFAOYSA-N	InChI=1S/C6H2Cl4O/c7-2-1-3(8)6(11)5(10)4(2)9/h1,11H	C1=C(C(=C(C(=C1Cl)Cl)Cl)O)Cl
CAS:55673-89-7	41510	CAS:55673-89-7	1,2,3,4,7,8,9-Heptachlorodibenzofuran	1,2,3,4,7,8,9-heptachlorodibenzofuran	VEZCTZWLJYWARH-UHFFFAOYSA-N	InChI=1S/C12HCl7O/c13-2-1-3-4(7(15)6(2)14)5-8(16)9(17)10(18)11(19)12(5)20-3/h1H	C1=C2C(=C(C(=C1Cl)Cl)Cl)C3=C(O2)C(=C(C(=C3Cl)Cl)Cl)Cl
CAS:207122-15-4	15509898	CAS:207122-15-4	2,2',4,4',5,6'-Hexabromodiphenyl ether	1,2,4-tribromo-5-(2,4,6-tribromophenoxy)benzene	VHNPZYZQKWIWOD-UHFFFAOYSA-N	InChI=1S/C12H4Br6O/c13-5-1-9(17)12(10(18)2-5)19-11-4-7(15)6(14)3-8(11)16/h1-4H	C1=C(C=C(C(=C1Br)OC2=CC(=C(C=C2Br)Br)Br)Br)Br
CAS:446254-27-9	22833475	CAS:446254-27-9	2,3,3',4-Tetrabromodiphenyl ether	1,2,3-tribromo-4-(3-bromophenoxy)benzene	VIHUMJGEWQPWOT-UHFFFAOYSA-N	InChI=1S/C12H6Br4O/c13-7-2-1-3-8(6-7)17-10-5-4-9(14)11(15)12(10)16/h1-6H	C1=CC(=CC(=C1)Br)OC2=C(C(=C(C=C2)Br)Br)Br
CID:129853628	129853628		Cyclohexane-1,2-dicarboxylic acid monohydroxy isononyl ester	2-(7-methyloctoxycarbonyl)cyclohexane-1-carboperoxoic acid	HQEIYBJWBXYUOH-UHFFFAOYSA-N	InChI=1S/C17H30O5/c1-13(2)9-5-3-4-8-12-21-16(18)14-10-6-7-11-15(14)17(19)22-20/h13-15,20H,3-12H2,1-2H3	CC(C)CCCCCCOC(=O)C1CCCCC1C(=O)OO
